-- 작업용 임의 관리자
insert into t_admin_info (ai_id, ai_pw, ai_name) values ('test1', '1234', '김진혁');
-- 작업용 임의 회원
insert into t_member_info (mi_id, mi_pw, mi_name, mi_gender, mi_birth, mi_phone, mi_email, mi_zip, mi_addr1, mi_addr2, mi_point) values ('test1', '1234', '유은애', '여', '1999-12-15', '010-1475-3723', 'dbdmsdo99@google.com', '05732', '서울시 강남구 서초동', '583-2', 10000);
insert into t_member_point (mi_id, mp_point, mp_desc) values ('test1', 10000, '가입 축하금'); 

-- 회원 정보 insert
insert into t_member_info (mi_id, mi_pw, mi_name, mi_gender, mi_birth, mi_phone, mi_email, mi_zip, mi_addr1, mi_addr2, mi_point) values ('j1nu6734', 'rlawlsn8475', '김진우', '남', '1995-08-02', '010-4178-9534', 'j1nu6734@gmail.com', '02460', '서울특별시 동대문구 회기로26길 15', '회기 힐스테이트 아파트 305호', 10000);
insert into t_member_info (mi_id, mi_pw, mi_name, mi_gender, mi_birth, mi_phone, mi_email, mi_zip, mi_addr1, mi_addr2, mi_point) values ('2chamcham2', 'ciaciaqn58', '김점례', '여', '1994-05-20', '010-8523-4715', 'chamcham2@naver.com', '05708', '서울특별시 송파구 양재대로60길 15', '한라 빌리지 501호', 10000);
insert into t_member_info (mi_id, mi_pw, mi_name, mi_gender, mi_birth, mi_phone, mi_email, mi_zip, mi_addr1, mi_addr2, mi_point) values ('daina78', 'skskdid235', '김은혜', '여', '1992-01-11', '010-2396-4860', 'dainakim@gmail.com', '06704', '서울 서초구 방배로10길 10-28', '우림빌라 203호', 10000);
insert into t_member_info (mi_id, mi_pw, mi_name, mi_gender, mi_birth, mi_phone, mi_email, mi_zip, mi_addr1, mi_addr2, mi_point) values ('rngudwnswkd', 'vnfls8472', '구형준', '남', '1995-10-05', '010-3586-2389', 'purin54@naver.com', '08706', '서울특별시 관악구 관천로18길 39', 'S하우스 204호', 10000);
insert into t_member_info (mi_id, mi_pw, mi_name, mi_gender, mi_birth, mi_phone, mi_email, mi_zip, mi_addr1, mi_addr2, mi_point) values ('gongpa28', 'rhdvkflvk547', '권순혁', '남', '1996-07-18', '010-2476-9584', 'august28qsj@gmail.com', '14292', '경기도 광명시 광화로38번안길 14', '부원빌라 502호', 10000);
insert into t_member_info (mi_id, mi_pw, mi_name, mi_gender, mi_birth, mi_phone, mi_email, mi_zip, mi_addr1, mi_addr2, mi_point) values ('gyeolhee233', 'alsrufnld129', '민결희', '여', '1995-08-03', '010-8543-5843', 'gyeolhee233@naver,com', '14940', '경기도 시흥시 매화로 58', '삼화그린 아파트 508호', 10000);
insert into t_member_info (mi_id, mi_pw, mi_name, mi_gender, mi_birth, mi_phone, mi_email, mi_zip, mi_addr1, mi_addr2, mi_point) values ('pjs9073', 'Whsemr57439', '박준석', '남', '1995-09-01', '010-3576-4759', 'pjs9073@gmail.com', '06561', '서울특별시 서초구 동광로15길 22', '위너스빌 404호', 10000);
insert into t_member_info (mi_id, mi_pw, mi_name, mi_gender, mi_birth, mi_phone, mi_email, mi_zip, mi_addr1, mi_addr2, mi_point) values ('gravityp14', 'rmfoqlxl4857', '박중력', '남', '1996-11-14', '010-5764-3759', 'gravity1114@naver.com', '07256', '서울 영등포구 당산로31길 16-11', '포레스트빌 302호', 10000);
insert into t_member_info (mi_id, mi_pw, mi_name, mi_gender, mi_birth, mi_phone, mi_email, mi_zip, mi_addr1, mi_addr2, mi_point) values ('95pingman', 'vldaos51843', '박찬우', '남', '1995-01-20', '010-9578-4773', 'ak47zld12@naver.com', '41940', '대구 중구 공평로8길 37-11', '모닝빌라트 203호', 10000);
insert into t_member_info (mi_id, mi_pw, mi_name, mi_gender, mi_birth, mi_phone, mi_email, mi_zip, mi_addr1, mi_addr2, mi_point) values ('s1032204', 'QlqnQlqn5583', '유수정', '여', '1995-02-22', '010-7685-1357', 's1032204@naver.com', '03988', '서울 마포구 연남로3길 28-14', '수환하이츠빌라 302호', 10000);
insert into t_member_info (mi_id, mi_pw, mi_name, mi_gender, mi_birth, mi_phone, mi_email, mi_zip, mi_addr1, mi_addr2, mi_point) values ('cherrypach', 'Rhvlsldia375', '김보미', '여', '1992-05-09', '010-3481-3476', 'cherrypach41@gmail.com', '02475', '서울 동대문구 제기로4길 19', '타운빌 401호', 10000);
insert into t_member_info (mi_id, mi_pw, mi_name, mi_gender, mi_birth, mi_phone, mi_email, mi_zip, mi_addr1, mi_addr2, mi_point) values ('kimddolbok', 'EhfEhfaos57', '김똘복', '남', '1994-08-08', '010-2357-2466', 'kimddolbok94@naver.com', '04780', '서울 성동구 성수일로4길 26', '서울숲힐스테이트아파트 104동 804호', 10000);
insert into t_member_info (mi_id, mi_pw, mi_name, mi_gender, mi_birth, mi_phone, mi_email, mi_zip, mi_addr1, mi_addr2, mi_point) values ('rkdwl12', 'wjdrkawk354', '정도현', '여', '1994-11-15', '010-6473-3757', 'rkdwl12@gmail.com', '15440', '경기 안산시 단원구 신촌1길 44', '초원빌 301호', 10000);
insert into t_member_info (mi_id, mi_pw, mi_name, mi_gender, mi_birth, mi_phone, mi_email, mi_zip, mi_addr1, mi_addr2, mi_point) values ('sahyang99', 'dmsowhdk7684', '유은애', '여', '1999-12-15', '010-4467-4786', 'sahyang99@naver.com', '13568', '경기 성남시 분당구 서현로 181', '이매촌 한신2단지 아파트 1101호', 10000);
insert into t_member_info (mi_id, mi_pw, mi_name, mi_gender, mi_birth, mi_phone, mi_email, mi_zip, mi_addr1, mi_addr2, mi_point) values ('liok0485', 'RbdRbdTlq572', '전수진', '여', '2001-07-30', '010-5478-3749', 'liok0485@naver.com', '18423', '경기 화성시 동탄원천로 354-8', '동탄아르젠 1차 509호', 10000);

-- 회원 포인트 내역 insert
insert into t_member_point (mi_id, mp_point, mp_desc) values ('j1nu6734', 10000, '가입 축하금');
insert into t_member_point (mi_id, mp_point, mp_desc) values ('2chamcham2', 10000, '가입 축하금');
insert into t_member_point (mi_id, mp_point, mp_desc) values ('daina78', 10000, '가입 축하금');
insert into t_member_point (mi_id, mp_point, mp_desc) values ('rngudwnswkd', 10000, '가입 축하금');
insert into t_member_point (mi_id, mp_point, mp_desc) values ('gongpa28', 10000, '가입 축하금');
insert into t_member_point (mi_id, mp_point, mp_desc) values ('gyeolhee233', 10000, '가입 축하금');
insert into t_member_point (mi_id, mp_point, mp_desc) values ('pjs9073', 10000, '가입 축하금');
insert into t_member_point (mi_id, mp_point, mp_desc) values ('gravityp14', 10000, '가입 축하금');
insert into t_member_point (mi_id, mp_point, mp_desc) values ('95pingman', 10000, '가입 축하금');
insert into t_member_point (mi_id, mp_point, mp_desc) values ('s1032204', 10000, '가입 축하금');
insert into t_member_point (mi_id, mp_point, mp_desc) values ('cherrypach', 10000, '가입 축하금');
insert into t_member_point (mi_id, mp_point, mp_desc) values ('kimddolbok', 10000, '가입 축하금');
insert into t_member_point (mi_id, mp_point, mp_desc) values ('rkdwl12', 10000, '가입 축하금');
insert into t_member_point (mi_id, mp_point, mp_desc) values ('sahyang99', 10000, '가입 축하금');
insert into t_member_point (mi_id, mp_point, mp_desc) values ('liok0485', 10000, '가입 축하금');

-- 회원 탈퇴 정보 insert
insert into t_member_status (mi_id) values ('kimddolbok');
update t_member_info set mi_status = 'b' where mi_id = 'kimddolbok';

-- 상품 브랜드
insert into t_product_brand values ('a', '애플');
insert into t_product_brand values ('s', '삼성');

-- 상품 시리즈
insert into t_product_series values ('a11', 'a', '11시리즈');
insert into t_product_series values ('a12', 'a', '12시리즈');
insert into t_product_series values ('a13', 'a', '13시리즈');
insert into t_product_series values ('a14', 'a', '14시리즈');
insert into t_product_series values ('s20', 's', '20시리즈');
insert into t_product_series values ('s21', 's', '21시리즈');
insert into t_product_series values ('s22', 's', '22시리즈');
insert into t_product_series values ('s23', 's', '23시리즈');

-- 상품 정보
insert into t_product_info (pi_id, pb_id, ps_id, pi_name, pi_max, pi_min, pi_dc, pi_img1, pi_img2, pi_sale, pi_isview, ai_idx) values ('a1101', 'a', 'a11', '아이폰 11', 350000, 300000, 50, 'a1101_1.png', 'a1101_2.png', 35, 'y', 1);
insert into t_product_info (pi_id, pb_id, ps_id, pi_name, pi_max, pi_min, pi_dc, pi_img1, pi_img2, pi_sale, pi_isview, ai_idx) values ('a1102', 'a', 'a11', '아이폰 11 Pro', 400000, 300000, 30, 'a1102_1.png', 'a1102_2.png', 58, 'y', 1);
insert into t_product_info (pi_id, pb_id, ps_id, pi_name, pi_max, pi_min, pi_dc, pi_img1, pi_img2, pi_sale, pi_isview, ai_idx) values ('a1103', 'a', 'a11', '아이폰 11 Pro Max', 450000, 400000, 10, 'a1103_1.png', 'a1103_2.png', 46, 'y', 1);
insert into t_product_info (pi_id, pb_id, ps_id, pi_name, pi_max, pi_min, pi_dc, pi_img1, pi_img2, pi_sale, pi_isview, ai_idx) values ('a1201', 'a', 'a12', '아이폰 12', 450000, 400000, 5, 'a1201_1.png', 'a1201_2.png', 23, 'y', 1);
insert into t_product_info (pi_id, pb_id, ps_id, pi_name, pi_max, pi_min, pi_dc, pi_img1, pi_img2, pi_sale, pi_isview, ai_idx) values ('a1202', 'a', 'a12', '아이폰 12 Pro', 500000, 450000, 0, 'a1202_1.png', 'a1202_2.png', 88, 'y', 1);
insert into t_product_info (pi_id, pb_id, ps_id, pi_name, pi_max, pi_min, pi_dc, pi_img1, pi_img2, pi_sale, pi_isview, ai_idx) values ('a1203', 'a', 'a12', '아이폰 12 Pro Max', 600000, 500000, 0, 'a1203_1.png', 'a1203_2.png', 79, 'y', 1);
insert into t_product_info (pi_id, pb_id, ps_id, pi_name, pi_max, pi_min, pi_dc, pi_img1, pi_img2, pi_sale, pi_isview, ai_idx) values ('a1301', 'a', 'a13', '아이폰 13', 600000, 500000, 0, 'a1301_1.png', 'a1301_2.png', 102, 'y', 1);
insert into t_product_info (pi_id, pb_id, ps_id, pi_name, pi_max, pi_min, pi_dc, pi_img1, pi_img2, pi_sale, pi_isview, ai_idx) values ('a1302', 'a', 'a13', '아이폰 13 Pro', 800000, 650000, 0, 'a1302_1.png', 'a1302_2.png', 136, 'y', 1);
insert into t_product_info (pi_id, pb_id, ps_id, pi_name, pi_max, pi_min, pi_dc, pi_img1, pi_img2, pi_sale, pi_isview, ai_idx) values ('a1303', 'a', 'a13', '아이폰 13 Pro Max', 1000000, 800000, 0, 'a1303_1.png', 'a1303_2.png', 133, 'y', 1);
insert into t_product_info (pi_id, pb_id, ps_id, pi_name, pi_max, pi_min, pi_dc, pi_img1, pi_img2, pi_sale, pi_isview, ai_idx) values ('a1401', 'a', 'a14', '아이폰 14', 1000000, 800000, 0, 'a1401_1.png', 'a1401_2.png', 121, 'y', 1);
insert into t_product_info (pi_id, pb_id, ps_id, pi_name, pi_max, pi_min, pi_dc, pi_img1, pi_img2, pi_sale, pi_isview, ai_idx) values ('a1402', 'a', 'a14', '아이폰 14 Pro', 1200000, 900000, 0, 'a1402_1.png', 'a1402_2.png', 115, 'y', 1);
insert into t_product_info (pi_id, pb_id, ps_id, pi_name, pi_max, pi_min, pi_dc, pi_img1, pi_img2, pi_sale, pi_isview, ai_idx) values ('a1403', 'a', 'a14', '아이폰 14 Pro Max', 1500000, 1150000, 0, 'a1403_1.png', 'a1403_2.png', 117, 'y', 1);
insert into t_product_info (pi_id, pb_id, ps_id, pi_name, pi_max, pi_min, pi_dc, pi_img1, pi_img2, pi_sale, pi_isview, ai_idx) values ('s2001', 's', 's20', '갤럭시 S20', 200000, 150000, 45, 's2001_1.png', 's2001_2.png', 78, 'y', 1);
insert into t_product_info (pi_id, pb_id, ps_id, pi_name, pi_max, pi_min, pi_dc, pi_img1, pi_img2, pi_sale, pi_isview, ai_idx) values ('s2002', 's', 's20', '갤럭시 S20 Plus', 250000, 200000, 30, 's2002_1.png', 's2002_2.png', 65, 'y', 1);
insert into t_product_info (pi_id, pb_id, ps_id, pi_name, pi_max, pi_min, pi_dc, pi_img1, pi_img2, pi_sale, pi_isview, ai_idx) values ('s2003', 's', 's20', '갤럭시 S20 Ultra', 300000, 250000, 20, 's2003_1.png', 's2003_2.png', 74, 'y', 1);
insert into t_product_info (pi_id, pb_id, ps_id, pi_name, pi_max, pi_min, pi_dc, pi_img1, pi_img2, pi_sale, pi_isview, ai_idx) values ('s2101', 's', 's21', '갤럭시 S21', 300000, 250000, 5, 's2101_1.png', 's2101_2.png', 85, 'y', 1);
insert into t_product_info (pi_id, pb_id, ps_id, pi_name, pi_max, pi_min, pi_dc, pi_img1, pi_img2, pi_sale, pi_isview, ai_idx) values ('s2102', 's', 's21', '갤럭시 S21 Plus', 350000, 300000, 0, 's2102_1.png', 's2102_2.png', 71, 'y', 1);
insert into t_product_info (pi_id, pb_id, ps_id, pi_name, pi_max, pi_min, pi_dc, pi_img1, pi_img2, pi_sale, pi_isview, ai_idx) values ('s2103', 's', 's21', '갤럭시 S21 Ultra', 450000, 400000, 0, 's2103_1.png', 's2103_2.png', 77, 'y', 1);
insert into t_product_info (pi_id, pb_id, ps_id, pi_name, pi_max, pi_min, pi_dc, pi_img1, pi_img2, pi_sale, pi_isview, ai_idx) values ('s2201', 's', 's22', '갤럭시 S22', 450000, 400000, 0, 's2201_1.png', 's2201_2.png', 42, 'y', 1);
insert into t_product_info (pi_id, pb_id, ps_id, pi_name, pi_max, pi_min, pi_dc, pi_img1, pi_img2, pi_sale, pi_isview, ai_idx) values ('s2202', 's', 's22', '갤럭시 S22 Plus', 600000, 500000, 0, 's2202_1.png', 's2202_2.png', 86, 'y', 1);
insert into t_product_info (pi_id, pb_id, ps_id, pi_name, pi_max, pi_min, pi_dc, pi_img1, pi_img2, pi_sale, pi_isview, ai_idx) values ('s2203', 's', 's22', '갤럭시 S22 Ultra', 700000, 600000, 0, 's2203_1.png', 's2203_2.png', 58, 'y', 1);
insert into t_product_info (pi_id, pb_id, ps_id, pi_name, pi_max, pi_min, pi_dc, pi_img1, pi_img2, pi_sale, pi_isview, ai_idx) values ('s2301', 's', 's23', '갤럭시 S23', 700000, 600000, 0, 's2301_1.png', 's2301_2.png', 36, 'y', 1);
insert into t_product_info (pi_id, pb_id, ps_id, pi_name, pi_max, pi_min, pi_dc, pi_img1, pi_img2, pi_sale, pi_isview, ai_idx) values ('s2302', 's', 's23', '갤럭시 S23 Plus', 900000, 700000, 0, 's2302_1.png', 's2302_2.png', 25, 'y', 1);
insert into t_product_info (pi_id, pb_id, ps_id, pi_name, pi_max, pi_min, pi_dc, pi_img1, pi_img2, pi_sale, pi_isview, ai_idx) values ('s2303', 's', 's23', '갤럭시 S23 Ultra', 1200000, 900000, 0, 's2303_1.png', 's2303_2.png', 22, 'y', 1);

-- 상품 옵션 정보
insert into t_product_option (pi_id, po_color, po_memory, po_rank, po_name, po_inc, po_dec, po_stock, po_isview) values ('a1101', 'b', '128', 'b', '128GB / 블랙 / B', 0, 40, 100, 'y');
insert into t_product_option (pi_id, po_color, po_memory, po_rank, po_name, po_inc, po_dec, po_stock, po_isview) values ('a1101', 'b', '128', 'a', '128GB / 블랙 / A', 10, 30, 100, 'y');
insert into t_product_option (pi_id, po_color, po_memory, po_rank, po_name, po_inc, po_dec, po_stock, po_isview) values ('a1101', 'b', '128', 's', '128GB / 블랙 / S', 20, 20, 100, 'y');
insert into t_product_option (pi_id, po_color, po_memory, po_rank, po_name, po_inc, po_dec, po_stock, po_isview) values ('a1101', 'b', '256', 'b', '256GB / 블랙 / B', 10, 30, 100, 'y');
insert into t_product_option (pi_id, po_color, po_memory, po_rank, po_name, po_inc, po_dec, po_stock, po_isview) values ('a1101', 'b', '256', 'a', '256GB / 블랙 / A', 20, 20, 100, 'y');
insert into t_product_option (pi_id, po_color, po_memory, po_rank, po_name, po_inc, po_dec, po_stock, po_isview) values ('a1101', 'b', '256', 's', '256GB / 블랙 / S', 30, 10, 100, 'y');
insert into t_product_option (pi_id, po_color, po_memory, po_rank, po_name, po_inc, po_dec, po_stock, po_isview) values ('a1101', 'b', '512', 'b', '512GB / 블랙 / B', 20, 20, 100, 'y');
insert into t_product_option (pi_id, po_color, po_memory, po_rank, po_name, po_inc, po_dec, po_stock, po_isview) values ('a1101', 'b', '512', 'a', '512GB / 블랙 / A', 30, 10, 100, 'y');
insert into t_product_option (pi_id, po_color, po_memory, po_rank, po_name, po_inc, po_dec, po_stock, po_isview) values ('a1101', 'b', '512', 's', '512GB / 블랙 / S', 40, 0, 100, 'y');
insert into t_product_option (pi_id, po_color, po_memory, po_rank, po_name, po_inc, po_dec, po_stock, po_isview) values ('a1101', 'w', '128', 'b', '128GB / 화이트 / B', 0, 40, 100, 'y');
insert into t_product_option (pi_id, po_color, po_memory, po_rank, po_name, po_inc, po_dec, po_stock, po_isview) values ('a1101', 'w', '128', 'a', '128GB / 화이트 / A', 10, 30, 100, 'y');
insert into t_product_option (pi_id, po_color, po_memory, po_rank, po_name, po_inc, po_dec, po_stock, po_isview) values ('a1101', 'w', '128', 's', '128GB / 화이트 / S', 20, 20, 100, 'y');
insert into t_product_option (pi_id, po_color, po_memory, po_rank, po_name, po_inc, po_dec, po_stock, po_isview) values ('a1101', 'w', '256', 'b', '256GB / 화이트 / B', 10, 30, 100, 'y');
insert into t_product_option (pi_id, po_color, po_memory, po_rank, po_name, po_inc, po_dec, po_stock, po_isview) values ('a1101', 'w', '256', 'a', '256GB / 화이트 / A', 20, 20, 100, 'y');
insert into t_product_option (pi_id, po_color, po_memory, po_rank, po_name, po_inc, po_dec, po_stock, po_isview) values ('a1101', 'w', '256', 's', '256GB / 화이트 / S', 30, 10, 100, 'y');
insert into t_product_option (pi_id, po_color, po_memory, po_rank, po_name, po_inc, po_dec, po_stock, po_isview) values ('a1101', 'w', '512', 'b', '512GB / 화이트 / B', 20, 20, 100, 'y');
insert into t_product_option (pi_id, po_color, po_memory, po_rank, po_name, po_inc, po_dec, po_stock, po_isview) values ('a1101', 'w', '512', 'a', '512GB / 화이트 / A', 30, 10, 100, 'y');
insert into t_product_option (pi_id, po_color, po_memory, po_rank, po_name, po_inc, po_dec, po_stock, po_isview) values ('a1101', 'w', '512', 's', '512GB / 화이트 / S', 40, 0, 100, 'y');
insert into t_product_option (pi_id, po_color, po_memory, po_rank, po_name, po_inc, po_dec, po_stock, po_isview) values ('a1102', 'b', '128', 'b', '128GB / 블랙 / B', 0, 40, 100, 'y');
insert into t_product_option (pi_id, po_color, po_memory, po_rank, po_name, po_inc, po_dec, po_stock, po_isview) values ('a1102', 'b', '128', 'a', '128GB / 블랙 / A', 10, 30, 100, 'y');
insert into t_product_option (pi_id, po_color, po_memory, po_rank, po_name, po_inc, po_dec, po_stock, po_isview) values ('a1102', 'b', '128', 's', '128GB / 블랙 / S', 20, 20, 100, 'y');
insert into t_product_option (pi_id, po_color, po_memory, po_rank, po_name, po_inc, po_dec, po_stock, po_isview) values ('a1102', 'b', '256', 'b', '256GB / 블랙 / B', 10, 30, 100, 'y');
insert into t_product_option (pi_id, po_color, po_memory, po_rank, po_name, po_inc, po_dec, po_stock, po_isview) values ('a1102', 'b', '256', 'a', '256GB / 블랙 / A', 20, 20, 100, 'y');
insert into t_product_option (pi_id, po_color, po_memory, po_rank, po_name, po_inc, po_dec, po_stock, po_isview) values ('a1102', 'b', '256', 's', '256GB / 블랙 / S', 30, 10, 100, 'y');
insert into t_product_option (pi_id, po_color, po_memory, po_rank, po_name, po_inc, po_dec, po_stock, po_isview) values ('a1102', 'b', '512', 'b', '512GB / 블랙 / B', 20, 20, 100, 'y');
insert into t_product_option (pi_id, po_color, po_memory, po_rank, po_name, po_inc, po_dec, po_stock, po_isview) values ('a1102', 'b', '512', 'a', '512GB / 블랙 / A', 30, 10, 100, 'y');
insert into t_product_option (pi_id, po_color, po_memory, po_rank, po_name, po_inc, po_dec, po_stock, po_isview) values ('a1102', 'b', '512', 's', '512GB / 블랙 / S', 40, 0, 100, 'y');
insert into t_product_option (pi_id, po_color, po_memory, po_rank, po_name, po_inc, po_dec, po_stock, po_isview) values ('a1102', 'w', '128', 'b', '128GB / 화이트 / B', 0, 40, 100, 'y');
insert into t_product_option (pi_id, po_color, po_memory, po_rank, po_name, po_inc, po_dec, po_stock, po_isview) values ('a1102', 'w', '128', 'a', '128GB / 화이트 / A', 10, 30, 100, 'y');
insert into t_product_option (pi_id, po_color, po_memory, po_rank, po_name, po_inc, po_dec, po_stock, po_isview) values ('a1102', 'w', '128', 's', '128GB / 화이트 / S', 20, 20, 100, 'y');
insert into t_product_option (pi_id, po_color, po_memory, po_rank, po_name, po_inc, po_dec, po_stock, po_isview) values ('a1102', 'w', '256', 'b', '256GB / 화이트 / B', 10, 30, 100, 'y');
insert into t_product_option (pi_id, po_color, po_memory, po_rank, po_name, po_inc, po_dec, po_stock, po_isview) values ('a1102', 'w', '256', 'a', '256GB / 화이트 / A', 20, 20, 100, 'y');
insert into t_product_option (pi_id, po_color, po_memory, po_rank, po_name, po_inc, po_dec, po_stock, po_isview) values ('a1102', 'w', '256', 's', '256GB / 화이트 / S', 30, 10, 100, 'y');
insert into t_product_option (pi_id, po_color, po_memory, po_rank, po_name, po_inc, po_dec, po_stock, po_isview) values ('a1102', 'w', '512', 'b', '512GB / 화이트 / B', 20, 20, 100, 'y');
insert into t_product_option (pi_id, po_color, po_memory, po_rank, po_name, po_inc, po_dec, po_stock, po_isview) values ('a1102', 'w', '512', 'a', '512GB / 화이트 / A', 30, 10, 100, 'y');
insert into t_product_option (pi_id, po_color, po_memory, po_rank, po_name, po_inc, po_dec, po_stock, po_isview) values ('a1102', 'w', '512', 's', '512GB / 화이트 / S', 40, 0, 100, 'y');
insert into t_product_option (pi_id, po_color, po_memory, po_rank, po_name, po_inc, po_dec, po_stock, po_isview) values ('a1103', 'b', '128', 'b', '128GB / 블랙 / B', 0, 40, 100, 'y');
insert into t_product_option (pi_id, po_color, po_memory, po_rank, po_name, po_inc, po_dec, po_stock, po_isview) values ('a1103', 'b', '128', 'a', '128GB / 블랙 / A', 10, 30, 100, 'y');
insert into t_product_option (pi_id, po_color, po_memory, po_rank, po_name, po_inc, po_dec, po_stock, po_isview) values ('a1103', 'b', '128', 's', '128GB / 블랙 / S', 20, 20, 100, 'y');
insert into t_product_option (pi_id, po_color, po_memory, po_rank, po_name, po_inc, po_dec, po_stock, po_isview) values ('a1103', 'b', '256', 'b', '256GB / 블랙 / B', 10, 30, 100, 'y');
insert into t_product_option (pi_id, po_color, po_memory, po_rank, po_name, po_inc, po_dec, po_stock, po_isview) values ('a1103', 'b', '256', 'a', '256GB / 블랙 / A', 20, 20, 100, 'y');
insert into t_product_option (pi_id, po_color, po_memory, po_rank, po_name, po_inc, po_dec, po_stock, po_isview) values ('a1103', 'b', '256', 's', '256GB / 블랙 / S', 30, 10, 100, 'y');
insert into t_product_option (pi_id, po_color, po_memory, po_rank, po_name, po_inc, po_dec, po_stock, po_isview) values ('a1103', 'b', '512', 'b', '512GB / 블랙 / B', 20, 20, 100, 'y');
insert into t_product_option (pi_id, po_color, po_memory, po_rank, po_name, po_inc, po_dec, po_stock, po_isview) values ('a1103', 'b', '512', 'a', '512GB / 블랙 / A', 30, 10, 100, 'y');
insert into t_product_option (pi_id, po_color, po_memory, po_rank, po_name, po_inc, po_dec, po_stock, po_isview) values ('a1103', 'b', '512', 's', '512GB / 블랙 / S', 40, 0, 100, 'y');
insert into t_product_option (pi_id, po_color, po_memory, po_rank, po_name, po_inc, po_dec, po_stock, po_isview) values ('a1103', 'w', '128', 'b', '128GB / 화이트 / B', 0, 40, 100, 'y');
insert into t_product_option (pi_id, po_color, po_memory, po_rank, po_name, po_inc, po_dec, po_stock, po_isview) values ('a1103', 'w', '128', 'a', '128GB / 화이트 / A', 10, 30, 100, 'y');
insert into t_product_option (pi_id, po_color, po_memory, po_rank, po_name, po_inc, po_dec, po_stock, po_isview) values ('a1103', 'w', '128', 's', '128GB / 화이트 / S', 20, 20, 100, 'y');
insert into t_product_option (pi_id, po_color, po_memory, po_rank, po_name, po_inc, po_dec, po_stock, po_isview) values ('a1103', 'w', '256', 'b', '256GB / 화이트 / B', 10, 30, 100, 'y');
insert into t_product_option (pi_id, po_color, po_memory, po_rank, po_name, po_inc, po_dec, po_stock, po_isview) values ('a1103', 'w', '256', 'a', '256GB / 화이트 / A', 20, 20, 100, 'y');
insert into t_product_option (pi_id, po_color, po_memory, po_rank, po_name, po_inc, po_dec, po_stock, po_isview) values ('a1103', 'w', '256', 's', '256GB / 화이트 / S', 30, 10, 100, 'y');
insert into t_product_option (pi_id, po_color, po_memory, po_rank, po_name, po_inc, po_dec, po_stock, po_isview) values ('a1103', 'w', '512', 'b', '512GB / 화이트 / B', 20, 20, 100, 'y');
insert into t_product_option (pi_id, po_color, po_memory, po_rank, po_name, po_inc, po_dec, po_stock, po_isview) values ('a1103', 'w', '512', 'a', '512GB / 화이트 / A', 30, 10, 100, 'y');
insert into t_product_option (pi_id, po_color, po_memory, po_rank, po_name, po_inc, po_dec, po_stock, po_isview) values ('a1103', 'w', '512', 's', '512GB / 화이트 / S', 40, 0, 100, 'y');
insert into t_product_option (pi_id, po_color, po_memory, po_rank, po_name, po_inc, po_dec, po_stock, po_isview) values ('a1201', 'b', '128', 'b', '128GB / 블랙 / B', 0, 40, 100, 'y');
insert into t_product_option (pi_id, po_color, po_memory, po_rank, po_name, po_inc, po_dec, po_stock, po_isview) values ('a1201', 'b', '128', 'a', '128GB / 블랙 / A', 10, 30, 100, 'y');
insert into t_product_option (pi_id, po_color, po_memory, po_rank, po_name, po_inc, po_dec, po_stock, po_isview) values ('a1201', 'b', '128', 's', '128GB / 블랙 / S', 20, 20, 100, 'y');
insert into t_product_option (pi_id, po_color, po_memory, po_rank, po_name, po_inc, po_dec, po_stock, po_isview) values ('a1201', 'b', '256', 'b', '256GB / 블랙 / B', 10, 30, 100, 'y');
insert into t_product_option (pi_id, po_color, po_memory, po_rank, po_name, po_inc, po_dec, po_stock, po_isview) values ('a1201', 'b', '256', 'a', '256GB / 블랙 / A', 20, 20, 100, 'y');
insert into t_product_option (pi_id, po_color, po_memory, po_rank, po_name, po_inc, po_dec, po_stock, po_isview) values ('a1201', 'b', '256', 's', '256GB / 블랙 / S', 30, 10, 100, 'y');
insert into t_product_option (pi_id, po_color, po_memory, po_rank, po_name, po_inc, po_dec, po_stock, po_isview) values ('a1201', 'b', '512', 'b', '512GB / 블랙 / B', 20, 20, 100, 'y');
insert into t_product_option (pi_id, po_color, po_memory, po_rank, po_name, po_inc, po_dec, po_stock, po_isview) values ('a1201', 'b', '512', 'a', '512GB / 블랙 / A', 30, 10, 100, 'y');
insert into t_product_option (pi_id, po_color, po_memory, po_rank, po_name, po_inc, po_dec, po_stock, po_isview) values ('a1201', 'b', '512', 's', '512GB / 블랙 / S', 40, 0, 100, 'y');
insert into t_product_option (pi_id, po_color, po_memory, po_rank, po_name, po_inc, po_dec, po_stock, po_isview) values ('a1201', 'w', '128', 'b', '128GB / 화이트 / B', 0, 40, 100, 'y');
insert into t_product_option (pi_id, po_color, po_memory, po_rank, po_name, po_inc, po_dec, po_stock, po_isview) values ('a1201', 'w', '128', 'a', '128GB / 화이트 / A', 10, 30, 100, 'y');
insert into t_product_option (pi_id, po_color, po_memory, po_rank, po_name, po_inc, po_dec, po_stock, po_isview) values ('a1201', 'w', '128', 's', '128GB / 화이트 / S', 20, 20, 100, 'y');
insert into t_product_option (pi_id, po_color, po_memory, po_rank, po_name, po_inc, po_dec, po_stock, po_isview) values ('a1201', 'w', '256', 'b', '256GB / 화이트 / B', 10, 30, 100, 'y');
insert into t_product_option (pi_id, po_color, po_memory, po_rank, po_name, po_inc, po_dec, po_stock, po_isview) values ('a1201', 'w', '256', 'a', '256GB / 화이트 / A', 20, 20, 100, 'y');
insert into t_product_option (pi_id, po_color, po_memory, po_rank, po_name, po_inc, po_dec, po_stock, po_isview) values ('a1201', 'w', '256', 's', '256GB / 화이트 / S', 30, 10, 100, 'y');
insert into t_product_option (pi_id, po_color, po_memory, po_rank, po_name, po_inc, po_dec, po_stock, po_isview) values ('a1201', 'w', '512', 'b', '512GB / 화이트 / B', 20, 20, 100, 'y');
insert into t_product_option (pi_id, po_color, po_memory, po_rank, po_name, po_inc, po_dec, po_stock, po_isview) values ('a1201', 'w', '512', 'a', '512GB / 화이트 / A', 30, 10, 100, 'y');
insert into t_product_option (pi_id, po_color, po_memory, po_rank, po_name, po_inc, po_dec, po_stock, po_isview) values ('a1201', 'w', '512', 's', '512GB / 화이트 / S', 40, 0, 100, 'y');
insert into t_product_option (pi_id, po_color, po_memory, po_rank, po_name, po_inc, po_dec, po_stock, po_isview) values ('a1202', 'b', '128', 'b', '128GB / 블랙 / B', 0, 40, 100, 'y');
insert into t_product_option (pi_id, po_color, po_memory, po_rank, po_name, po_inc, po_dec, po_stock, po_isview) values ('a1202', 'b', '128', 'a', '128GB / 블랙 / A', 10, 30, 100, 'y');
insert into t_product_option (pi_id, po_color, po_memory, po_rank, po_name, po_inc, po_dec, po_stock, po_isview) values ('a1202', 'b', '128', 's', '128GB / 블랙 / S', 20, 20, 100, 'y');
insert into t_product_option (pi_id, po_color, po_memory, po_rank, po_name, po_inc, po_dec, po_stock, po_isview) values ('a1202', 'b', '256', 'b', '256GB / 블랙 / B', 10, 30, 100, 'y');
insert into t_product_option (pi_id, po_color, po_memory, po_rank, po_name, po_inc, po_dec, po_stock, po_isview) values ('a1202', 'b', '256', 'a', '256GB / 블랙 / A', 20, 20, 100, 'y');
insert into t_product_option (pi_id, po_color, po_memory, po_rank, po_name, po_inc, po_dec, po_stock, po_isview) values ('a1202', 'b', '256', 's', '256GB / 블랙 / S', 30, 10, 100, 'y');
insert into t_product_option (pi_id, po_color, po_memory, po_rank, po_name, po_inc, po_dec, po_stock, po_isview) values ('a1202', 'b', '512', 'b', '512GB / 블랙 / B', 20, 20, 100, 'y');
insert into t_product_option (pi_id, po_color, po_memory, po_rank, po_name, po_inc, po_dec, po_stock, po_isview) values ('a1202', 'b', '512', 'a', '512GB / 블랙 / A', 30, 10, 100, 'y');
insert into t_product_option (pi_id, po_color, po_memory, po_rank, po_name, po_inc, po_dec, po_stock, po_isview) values ('a1202', 'b', '512', 's', '512GB / 블랙 / S', 40, 0, 100, 'y');
insert into t_product_option (pi_id, po_color, po_memory, po_rank, po_name, po_inc, po_dec, po_stock, po_isview) values ('a1202', 'w', '128', 'b', '128GB / 화이트 / B', 0, 40, 100, 'y');
insert into t_product_option (pi_id, po_color, po_memory, po_rank, po_name, po_inc, po_dec, po_stock, po_isview) values ('a1202', 'w', '128', 'a', '128GB / 화이트 / A', 10, 30, 100, 'y');
insert into t_product_option (pi_id, po_color, po_memory, po_rank, po_name, po_inc, po_dec, po_stock, po_isview) values ('a1202', 'w', '128', 's', '128GB / 화이트 / S', 20, 20, 100, 'y');
insert into t_product_option (pi_id, po_color, po_memory, po_rank, po_name, po_inc, po_dec, po_stock, po_isview) values ('a1202', 'w', '256', 'b', '256GB / 화이트 / B', 10, 30, 100, 'y');
insert into t_product_option (pi_id, po_color, po_memory, po_rank, po_name, po_inc, po_dec, po_stock, po_isview) values ('a1202', 'w', '256', 'a', '256GB / 화이트 / A', 20, 20, 100, 'y');
insert into t_product_option (pi_id, po_color, po_memory, po_rank, po_name, po_inc, po_dec, po_stock, po_isview) values ('a1202', 'w', '256', 's', '256GB / 화이트 / S', 30, 10, 100, 'y');
insert into t_product_option (pi_id, po_color, po_memory, po_rank, po_name, po_inc, po_dec, po_stock, po_isview) values ('a1202', 'w', '512', 'b', '512GB / 화이트 / B', 20, 20, 100, 'y');
insert into t_product_option (pi_id, po_color, po_memory, po_rank, po_name, po_inc, po_dec, po_stock, po_isview) values ('a1202', 'w', '512', 'a', '512GB / 화이트 / A', 30, 10, 100, 'y');
insert into t_product_option (pi_id, po_color, po_memory, po_rank, po_name, po_inc, po_dec, po_stock, po_isview) values ('a1202', 'w', '512', 's', '512GB / 화이트 / S', 40, 0, 100, 'y');
insert into t_product_option (pi_id, po_color, po_memory, po_rank, po_name, po_inc, po_dec, po_stock, po_isview) values ('a1203', 'b', '128', 'b', '128GB / 블랙 / B', 0, 40, 100, 'y');
insert into t_product_option (pi_id, po_color, po_memory, po_rank, po_name, po_inc, po_dec, po_stock, po_isview) values ('a1203', 'b', '128', 'a', '128GB / 블랙 / A', 10, 30, 100, 'y');
insert into t_product_option (pi_id, po_color, po_memory, po_rank, po_name, po_inc, po_dec, po_stock, po_isview) values ('a1203', 'b', '128', 's', '128GB / 블랙 / S', 20, 20, 100, 'y');
insert into t_product_option (pi_id, po_color, po_memory, po_rank, po_name, po_inc, po_dec, po_stock, po_isview) values ('a1203', 'b', '256', 'b', '256GB / 블랙 / B', 10, 30, 100, 'y');
insert into t_product_option (pi_id, po_color, po_memory, po_rank, po_name, po_inc, po_dec, po_stock, po_isview) values ('a1203', 'b', '256', 'a', '256GB / 블랙 / A', 20, 20, 100, 'y');
insert into t_product_option (pi_id, po_color, po_memory, po_rank, po_name, po_inc, po_dec, po_stock, po_isview) values ('a1203', 'b', '256', 's', '256GB / 블랙 / S', 30, 10, 100, 'y');
insert into t_product_option (pi_id, po_color, po_memory, po_rank, po_name, po_inc, po_dec, po_stock, po_isview) values ('a1203', 'b', '512', 'b', '512GB / 블랙 / B', 20, 20, 100, 'y');
insert into t_product_option (pi_id, po_color, po_memory, po_rank, po_name, po_inc, po_dec, po_stock, po_isview) values ('a1203', 'b', '512', 'a', '512GB / 블랙 / A', 30, 10, 100, 'y');
insert into t_product_option (pi_id, po_color, po_memory, po_rank, po_name, po_inc, po_dec, po_stock, po_isview) values ('a1203', 'b', '512', 's', '512GB / 블랙 / S', 40, 0, 100, 'y');
insert into t_product_option (pi_id, po_color, po_memory, po_rank, po_name, po_inc, po_dec, po_stock, po_isview) values ('a1203', 'w', '128', 'b', '128GB / 화이트 / B', 0, 40, 100, 'y');
insert into t_product_option (pi_id, po_color, po_memory, po_rank, po_name, po_inc, po_dec, po_stock, po_isview) values ('a1203', 'w', '128', 'a', '128GB / 화이트 / A', 10, 30, 100, 'y');
insert into t_product_option (pi_id, po_color, po_memory, po_rank, po_name, po_inc, po_dec, po_stock, po_isview) values ('a1203', 'w', '128', 's', '128GB / 화이트 / S', 20, 20, 100, 'y');
insert into t_product_option (pi_id, po_color, po_memory, po_rank, po_name, po_inc, po_dec, po_stock, po_isview) values ('a1203', 'w', '256', 'b', '256GB / 화이트 / B', 10, 30, 100, 'y');
insert into t_product_option (pi_id, po_color, po_memory, po_rank, po_name, po_inc, po_dec, po_stock, po_isview) values ('a1203', 'w', '256', 'a', '256GB / 화이트 / A', 20, 20, 100, 'y');
insert into t_product_option (pi_id, po_color, po_memory, po_rank, po_name, po_inc, po_dec, po_stock, po_isview) values ('a1203', 'w', '256', 's', '256GB / 화이트 / S', 30, 10, 100, 'y');
insert into t_product_option (pi_id, po_color, po_memory, po_rank, po_name, po_inc, po_dec, po_stock, po_isview) values ('a1203', 'w', '512', 'b', '512GB / 화이트 / B', 20, 20, 100, 'y');
insert into t_product_option (pi_id, po_color, po_memory, po_rank, po_name, po_inc, po_dec, po_stock, po_isview) values ('a1203', 'w', '512', 'a', '512GB / 화이트 / A', 30, 10, 100, 'y');
insert into t_product_option (pi_id, po_color, po_memory, po_rank, po_name, po_inc, po_dec, po_stock, po_isview) values ('a1203', 'w', '512', 's', '512GB / 화이트 / S', 40, 0, 100, 'y');
insert into t_product_option (pi_id, po_color, po_memory, po_rank, po_name, po_inc, po_dec, po_stock, po_isview) values ('a1301', 'b', '128', 'b', '128GB / 블랙 / B', 0, 40, 100, 'y');
insert into t_product_option (pi_id, po_color, po_memory, po_rank, po_name, po_inc, po_dec, po_stock, po_isview) values ('a1301', 'b', '128', 'a', '128GB / 블랙 / A', 10, 30, 100, 'y');
insert into t_product_option (pi_id, po_color, po_memory, po_rank, po_name, po_inc, po_dec, po_stock, po_isview) values ('a1301', 'b', '128', 's', '128GB / 블랙 / S', 20, 20, 100, 'y');
insert into t_product_option (pi_id, po_color, po_memory, po_rank, po_name, po_inc, po_dec, po_stock, po_isview) values ('a1301', 'b', '256', 'b', '256GB / 블랙 / B', 10, 30, 100, 'y');
insert into t_product_option (pi_id, po_color, po_memory, po_rank, po_name, po_inc, po_dec, po_stock, po_isview) values ('a1301', 'b', '256', 'a', '256GB / 블랙 / A', 20, 20, 100, 'y');
insert into t_product_option (pi_id, po_color, po_memory, po_rank, po_name, po_inc, po_dec, po_stock, po_isview) values ('a1301', 'b', '256', 's', '256GB / 블랙 / S', 30, 10, 100, 'y');
insert into t_product_option (pi_id, po_color, po_memory, po_rank, po_name, po_inc, po_dec, po_stock, po_isview) values ('a1301', 'b', '512', 'b', '512GB / 블랙 / B', 20, 20, 100, 'y');
insert into t_product_option (pi_id, po_color, po_memory, po_rank, po_name, po_inc, po_dec, po_stock, po_isview) values ('a1301', 'b', '512', 'a', '512GB / 블랙 / A', 30, 10, 100, 'y');
insert into t_product_option (pi_id, po_color, po_memory, po_rank, po_name, po_inc, po_dec, po_stock, po_isview) values ('a1301', 'b', '512', 's', '512GB / 블랙 / S', 40, 0, 100, 'y');
insert into t_product_option (pi_id, po_color, po_memory, po_rank, po_name, po_inc, po_dec, po_stock, po_isview) values ('a1301', 'w', '128', 'b', '128GB / 화이트 / B', 0, 40, 100, 'y');
insert into t_product_option (pi_id, po_color, po_memory, po_rank, po_name, po_inc, po_dec, po_stock, po_isview) values ('a1301', 'w', '128', 'a', '128GB / 화이트 / A', 10, 30, 100, 'y');
insert into t_product_option (pi_id, po_color, po_memory, po_rank, po_name, po_inc, po_dec, po_stock, po_isview) values ('a1301', 'w', '128', 's', '128GB / 화이트 / S', 20, 20, 100, 'y');
insert into t_product_option (pi_id, po_color, po_memory, po_rank, po_name, po_inc, po_dec, po_stock, po_isview) values ('a1301', 'w', '256', 'b', '256GB / 화이트 / B', 10, 30, 100, 'y');
insert into t_product_option (pi_id, po_color, po_memory, po_rank, po_name, po_inc, po_dec, po_stock, po_isview) values ('a1301', 'w', '256', 'a', '256GB / 화이트 / A', 20, 20, 100, 'y');
insert into t_product_option (pi_id, po_color, po_memory, po_rank, po_name, po_inc, po_dec, po_stock, po_isview) values ('a1301', 'w', '256', 's', '256GB / 화이트 / S', 30, 10, 100, 'y');
insert into t_product_option (pi_id, po_color, po_memory, po_rank, po_name, po_inc, po_dec, po_stock, po_isview) values ('a1301', 'w', '512', 'b', '512GB / 화이트 / B', 20, 20, 100, 'y');
insert into t_product_option (pi_id, po_color, po_memory, po_rank, po_name, po_inc, po_dec, po_stock, po_isview) values ('a1301', 'w', '512', 'a', '512GB / 화이트 / A', 30, 10, 100, 'y');
insert into t_product_option (pi_id, po_color, po_memory, po_rank, po_name, po_inc, po_dec, po_stock, po_isview) values ('a1301', 'w', '512', 's', '512GB / 화이트 / S', 40, 0, 100, 'y');
insert into t_product_option (pi_id, po_color, po_memory, po_rank, po_name, po_inc, po_dec, po_stock, po_isview) values ('a1302', 'b', '128', 'b', '128GB / 블랙 / B', 0, 40, 100, 'y');
insert into t_product_option (pi_id, po_color, po_memory, po_rank, po_name, po_inc, po_dec, po_stock, po_isview) values ('a1302', 'b', '128', 'a', '128GB / 블랙 / A', 10, 30, 100, 'y');
insert into t_product_option (pi_id, po_color, po_memory, po_rank, po_name, po_inc, po_dec, po_stock, po_isview) values ('a1302', 'b', '128', 's', '128GB / 블랙 / S', 20, 20, 100, 'y');
insert into t_product_option (pi_id, po_color, po_memory, po_rank, po_name, po_inc, po_dec, po_stock, po_isview) values ('a1302', 'b', '256', 'b', '256GB / 블랙 / B', 10, 30, 100, 'y');
insert into t_product_option (pi_id, po_color, po_memory, po_rank, po_name, po_inc, po_dec, po_stock, po_isview) values ('a1302', 'b', '256', 'a', '256GB / 블랙 / A', 20, 20, 100, 'y');
insert into t_product_option (pi_id, po_color, po_memory, po_rank, po_name, po_inc, po_dec, po_stock, po_isview) values ('a1302', 'b', '256', 's', '256GB / 블랙 / S', 30, 10, 100, 'y');
insert into t_product_option (pi_id, po_color, po_memory, po_rank, po_name, po_inc, po_dec, po_stock, po_isview) values ('a1302', 'b', '512', 'b', '512GB / 블랙 / B', 20, 20, 100, 'y');
insert into t_product_option (pi_id, po_color, po_memory, po_rank, po_name, po_inc, po_dec, po_stock, po_isview) values ('a1302', 'b', '512', 'a', '512GB / 블랙 / A', 30, 10, 100, 'y');
insert into t_product_option (pi_id, po_color, po_memory, po_rank, po_name, po_inc, po_dec, po_stock, po_isview) values ('a1302', 'b', '512', 's', '512GB / 블랙 / S', 40, 0, 100, 'y');
insert into t_product_option (pi_id, po_color, po_memory, po_rank, po_name, po_inc, po_dec, po_stock, po_isview) values ('a1302', 'w', '128', 'b', '128GB / 화이트 / B', 0, 40, 100, 'y');
insert into t_product_option (pi_id, po_color, po_memory, po_rank, po_name, po_inc, po_dec, po_stock, po_isview) values ('a1302', 'w', '128', 'a', '128GB / 화이트 / A', 10, 30, 100, 'y');
insert into t_product_option (pi_id, po_color, po_memory, po_rank, po_name, po_inc, po_dec, po_stock, po_isview) values ('a1302', 'w', '128', 's', '128GB / 화이트 / S', 20, 20, 100, 'y');
insert into t_product_option (pi_id, po_color, po_memory, po_rank, po_name, po_inc, po_dec, po_stock, po_isview) values ('a1302', 'w', '256', 'b', '256GB / 화이트 / B', 10, 30, 100, 'y');
insert into t_product_option (pi_id, po_color, po_memory, po_rank, po_name, po_inc, po_dec, po_stock, po_isview) values ('a1302', 'w', '256', 'a', '256GB / 화이트 / A', 20, 20, 100, 'y');
insert into t_product_option (pi_id, po_color, po_memory, po_rank, po_name, po_inc, po_dec, po_stock, po_isview) values ('a1302', 'w', '256', 's', '256GB / 화이트 / S', 30, 10, 100, 'y');
insert into t_product_option (pi_id, po_color, po_memory, po_rank, po_name, po_inc, po_dec, po_stock, po_isview) values ('a1302', 'w', '512', 'b', '512GB / 화이트 / B', 20, 20, 100, 'y');
insert into t_product_option (pi_id, po_color, po_memory, po_rank, po_name, po_inc, po_dec, po_stock, po_isview) values ('a1302', 'w', '512', 'a', '512GB / 화이트 / A', 30, 10, 100, 'y');
insert into t_product_option (pi_id, po_color, po_memory, po_rank, po_name, po_inc, po_dec, po_stock, po_isview) values ('a1302', 'w', '512', 's', '512GB / 화이트 / S', 40, 0, 100, 'y');
insert into t_product_option (pi_id, po_color, po_memory, po_rank, po_name, po_inc, po_dec, po_stock, po_isview) values ('a1303', 'b', '128', 'b', '128GB / 블랙 / B', 0, 40, 100, 'y');
insert into t_product_option (pi_id, po_color, po_memory, po_rank, po_name, po_inc, po_dec, po_stock, po_isview) values ('a1303', 'b', '128', 'a', '128GB / 블랙 / A', 10, 30, 100, 'y');
insert into t_product_option (pi_id, po_color, po_memory, po_rank, po_name, po_inc, po_dec, po_stock, po_isview) values ('a1303', 'b', '128', 's', '128GB / 블랙 / S', 20, 20, 100, 'y');
insert into t_product_option (pi_id, po_color, po_memory, po_rank, po_name, po_inc, po_dec, po_stock, po_isview) values ('a1303', 'b', '256', 'b', '256GB / 블랙 / B', 10, 30, 100, 'y');
insert into t_product_option (pi_id, po_color, po_memory, po_rank, po_name, po_inc, po_dec, po_stock, po_isview) values ('a1303', 'b', '256', 'a', '256GB / 블랙 / A', 20, 20, 100, 'y');
insert into t_product_option (pi_id, po_color, po_memory, po_rank, po_name, po_inc, po_dec, po_stock, po_isview) values ('a1303', 'b', '256', 's', '256GB / 블랙 / S', 30, 10, 100, 'y');
insert into t_product_option (pi_id, po_color, po_memory, po_rank, po_name, po_inc, po_dec, po_stock, po_isview) values ('a1303', 'b', '512', 'b', '512GB / 블랙 / B', 20, 20, 100, 'y');
insert into t_product_option (pi_id, po_color, po_memory, po_rank, po_name, po_inc, po_dec, po_stock, po_isview) values ('a1303', 'b', '512', 'a', '512GB / 블랙 / A', 30, 10, 100, 'y');
insert into t_product_option (pi_id, po_color, po_memory, po_rank, po_name, po_inc, po_dec, po_stock, po_isview) values ('a1303', 'b', '512', 's', '512GB / 블랙 / S', 40, 0, 100, 'y');
insert into t_product_option (pi_id, po_color, po_memory, po_rank, po_name, po_inc, po_dec, po_stock, po_isview) values ('a1303', 'w', '128', 'b', '128GB / 화이트 / B', 0, 40, 100, 'y');
insert into t_product_option (pi_id, po_color, po_memory, po_rank, po_name, po_inc, po_dec, po_stock, po_isview) values ('a1303', 'w', '128', 'a', '128GB / 화이트 / A', 10, 30, 100, 'y');
insert into t_product_option (pi_id, po_color, po_memory, po_rank, po_name, po_inc, po_dec, po_stock, po_isview) values ('a1303', 'w', '128', 's', '128GB / 화이트 / S', 20, 20, 100, 'y');
insert into t_product_option (pi_id, po_color, po_memory, po_rank, po_name, po_inc, po_dec, po_stock, po_isview) values ('a1303', 'w', '256', 'b', '256GB / 화이트 / B', 10, 30, 100, 'y');
insert into t_product_option (pi_id, po_color, po_memory, po_rank, po_name, po_inc, po_dec, po_stock, po_isview) values ('a1303', 'w', '256', 'a', '256GB / 화이트 / A', 20, 20, 100, 'y');
insert into t_product_option (pi_id, po_color, po_memory, po_rank, po_name, po_inc, po_dec, po_stock, po_isview) values ('a1303', 'w', '256', 's', '256GB / 화이트 / S', 30, 10, 100, 'y');
insert into t_product_option (pi_id, po_color, po_memory, po_rank, po_name, po_inc, po_dec, po_stock, po_isview) values ('a1303', 'w', '512', 'b', '512GB / 화이트 / B', 20, 20, 100, 'y');
insert into t_product_option (pi_id, po_color, po_memory, po_rank, po_name, po_inc, po_dec, po_stock, po_isview) values ('a1303', 'w', '512', 'a', '512GB / 화이트 / A', 30, 10, 100, 'y');
insert into t_product_option (pi_id, po_color, po_memory, po_rank, po_name, po_inc, po_dec, po_stock, po_isview) values ('a1303', 'w', '512', 's', '512GB / 화이트 / S', 40, 0, 100, 'y');
insert into t_product_option (pi_id, po_color, po_memory, po_rank, po_name, po_inc, po_dec, po_stock, po_isview) values ('a1401', 'b', '128', 'b', '128GB / 블랙 / B', 0, 40, 100, 'y');
insert into t_product_option (pi_id, po_color, po_memory, po_rank, po_name, po_inc, po_dec, po_stock, po_isview) values ('a1401', 'b', '128', 'a', '128GB / 블랙 / A', 10, 30, 100, 'y');
insert into t_product_option (pi_id, po_color, po_memory, po_rank, po_name, po_inc, po_dec, po_stock, po_isview) values ('a1401', 'b', '128', 's', '128GB / 블랙 / S', 20, 20, 100, 'y');
insert into t_product_option (pi_id, po_color, po_memory, po_rank, po_name, po_inc, po_dec, po_stock, po_isview) values ('a1401', 'b', '256', 'b', '256GB / 블랙 / B', 10, 30, 100, 'y');
insert into t_product_option (pi_id, po_color, po_memory, po_rank, po_name, po_inc, po_dec, po_stock, po_isview) values ('a1401', 'b', '256', 'a', '256GB / 블랙 / A', 20, 20, 100, 'y');
insert into t_product_option (pi_id, po_color, po_memory, po_rank, po_name, po_inc, po_dec, po_stock, po_isview) values ('a1401', 'b', '256', 's', '256GB / 블랙 / S', 30, 10, 100, 'y');
insert into t_product_option (pi_id, po_color, po_memory, po_rank, po_name, po_inc, po_dec, po_stock, po_isview) values ('a1401', 'b', '512', 'b', '512GB / 블랙 / B', 20, 20, 100, 'y');
insert into t_product_option (pi_id, po_color, po_memory, po_rank, po_name, po_inc, po_dec, po_stock, po_isview) values ('a1401', 'b', '512', 'a', '512GB / 블랙 / A', 30, 10, 100, 'y');
insert into t_product_option (pi_id, po_color, po_memory, po_rank, po_name, po_inc, po_dec, po_stock, po_isview) values ('a1401', 'b', '512', 's', '512GB / 블랙 / S', 40, 0, 100, 'y');
insert into t_product_option (pi_id, po_color, po_memory, po_rank, po_name, po_inc, po_dec, po_stock, po_isview) values ('a1401', 'w', '128', 'b', '128GB / 화이트 / B', 0, 40, 100, 'y');
insert into t_product_option (pi_id, po_color, po_memory, po_rank, po_name, po_inc, po_dec, po_stock, po_isview) values ('a1401', 'w', '128', 'a', '128GB / 화이트 / A', 10, 30, 100, 'y');
insert into t_product_option (pi_id, po_color, po_memory, po_rank, po_name, po_inc, po_dec, po_stock, po_isview) values ('a1401', 'w', '128', 's', '128GB / 화이트 / S', 20, 20, 100, 'y');
insert into t_product_option (pi_id, po_color, po_memory, po_rank, po_name, po_inc, po_dec, po_stock, po_isview) values ('a1401', 'w', '256', 'b', '256GB / 화이트 / B', 10, 30, 100, 'y');
insert into t_product_option (pi_id, po_color, po_memory, po_rank, po_name, po_inc, po_dec, po_stock, po_isview) values ('a1401', 'w', '256', 'a', '256GB / 화이트 / A', 20, 20, 100, 'y');
insert into t_product_option (pi_id, po_color, po_memory, po_rank, po_name, po_inc, po_dec, po_stock, po_isview) values ('a1401', 'w', '256', 's', '256GB / 화이트 / S', 30, 10, 100, 'y');
insert into t_product_option (pi_id, po_color, po_memory, po_rank, po_name, po_inc, po_dec, po_stock, po_isview) values ('a1401', 'w', '512', 'b', '512GB / 화이트 / B', 20, 20, 100, 'y');
insert into t_product_option (pi_id, po_color, po_memory, po_rank, po_name, po_inc, po_dec, po_stock, po_isview) values ('a1401', 'w', '512', 'a', '512GB / 화이트 / A', 30, 10, 100, 'y');
insert into t_product_option (pi_id, po_color, po_memory, po_rank, po_name, po_inc, po_dec, po_stock, po_isview) values ('a1401', 'w', '512', 's', '512GB / 화이트 / S', 40, 0, 100, 'y');
insert into t_product_option (pi_id, po_color, po_memory, po_rank, po_name, po_inc, po_dec, po_stock, po_isview) values ('a1402', 'b', '128', 'b', '128GB / 블랙 / B', 0, 40, 100, 'y');
insert into t_product_option (pi_id, po_color, po_memory, po_rank, po_name, po_inc, po_dec, po_stock, po_isview) values ('a1402', 'b', '128', 'a', '128GB / 블랙 / A', 10, 30, 100, 'y');
insert into t_product_option (pi_id, po_color, po_memory, po_rank, po_name, po_inc, po_dec, po_stock, po_isview) values ('a1402', 'b', '128', 's', '128GB / 블랙 / S', 20, 20, 100, 'y');
insert into t_product_option (pi_id, po_color, po_memory, po_rank, po_name, po_inc, po_dec, po_stock, po_isview) values ('a1402', 'b', '256', 'b', '256GB / 블랙 / B', 10, 30, 100, 'y');
insert into t_product_option (pi_id, po_color, po_memory, po_rank, po_name, po_inc, po_dec, po_stock, po_isview) values ('a1402', 'b', '256', 'a', '256GB / 블랙 / A', 20, 20, 100, 'y');
insert into t_product_option (pi_id, po_color, po_memory, po_rank, po_name, po_inc, po_dec, po_stock, po_isview) values ('a1402', 'b', '256', 's', '256GB / 블랙 / S', 30, 10, 100, 'y');
insert into t_product_option (pi_id, po_color, po_memory, po_rank, po_name, po_inc, po_dec, po_stock, po_isview) values ('a1402', 'b', '512', 'b', '512GB / 블랙 / B', 20, 20, 100, 'y');
insert into t_product_option (pi_id, po_color, po_memory, po_rank, po_name, po_inc, po_dec, po_stock, po_isview) values ('a1402', 'b', '512', 'a', '512GB / 블랙 / A', 30, 10, 100, 'y');
insert into t_product_option (pi_id, po_color, po_memory, po_rank, po_name, po_inc, po_dec, po_stock, po_isview) values ('a1402', 'b', '512', 's', '512GB / 블랙 / S', 40, 0, 100, 'y');
insert into t_product_option (pi_id, po_color, po_memory, po_rank, po_name, po_inc, po_dec, po_stock, po_isview) values ('a1402', 'w', '128', 'b', '128GB / 화이트 / B', 0, 40, 100, 'y');
insert into t_product_option (pi_id, po_color, po_memory, po_rank, po_name, po_inc, po_dec, po_stock, po_isview) values ('a1402', 'w', '128', 'a', '128GB / 화이트 / A', 10, 30, 100, 'y');
insert into t_product_option (pi_id, po_color, po_memory, po_rank, po_name, po_inc, po_dec, po_stock, po_isview) values ('a1402', 'w', '128', 's', '128GB / 화이트 / S', 20, 20, 100, 'y');
insert into t_product_option (pi_id, po_color, po_memory, po_rank, po_name, po_inc, po_dec, po_stock, po_isview) values ('a1402', 'w', '256', 'b', '256GB / 화이트 / B', 10, 30, 100, 'y');
insert into t_product_option (pi_id, po_color, po_memory, po_rank, po_name, po_inc, po_dec, po_stock, po_isview) values ('a1402', 'w', '256', 'a', '256GB / 화이트 / A', 20, 20, 100, 'y');
insert into t_product_option (pi_id, po_color, po_memory, po_rank, po_name, po_inc, po_dec, po_stock, po_isview) values ('a1402', 'w', '256', 's', '256GB / 화이트 / S', 30, 10, 100, 'y');
insert into t_product_option (pi_id, po_color, po_memory, po_rank, po_name, po_inc, po_dec, po_stock, po_isview) values ('a1402', 'w', '512', 'b', '512GB / 화이트 / B', 20, 20, 100, 'y');
insert into t_product_option (pi_id, po_color, po_memory, po_rank, po_name, po_inc, po_dec, po_stock, po_isview) values ('a1402', 'w', '512', 'a', '512GB / 화이트 / A', 30, 10, 100, 'y');
insert into t_product_option (pi_id, po_color, po_memory, po_rank, po_name, po_inc, po_dec, po_stock, po_isview) values ('a1402', 'w', '512', 's', '512GB / 화이트 / S', 40, 0, 100, 'y');
insert into t_product_option (pi_id, po_color, po_memory, po_rank, po_name, po_inc, po_dec, po_stock, po_isview) values ('a1403', 'b', '128', 'b', '128GB / 블랙 / B', 0, 40, 100, 'y');
insert into t_product_option (pi_id, po_color, po_memory, po_rank, po_name, po_inc, po_dec, po_stock, po_isview) values ('a1403', 'b', '128', 'a', '128GB / 블랙 / A', 10, 30, 100, 'y');
insert into t_product_option (pi_id, po_color, po_memory, po_rank, po_name, po_inc, po_dec, po_stock, po_isview) values ('a1403', 'b', '128', 's', '128GB / 블랙 / S', 20, 20, 100, 'y');
insert into t_product_option (pi_id, po_color, po_memory, po_rank, po_name, po_inc, po_dec, po_stock, po_isview) values ('a1403', 'b', '256', 'b', '256GB / 블랙 / B', 10, 30, 100, 'y');
insert into t_product_option (pi_id, po_color, po_memory, po_rank, po_name, po_inc, po_dec, po_stock, po_isview) values ('a1403', 'b', '256', 'a', '256GB / 블랙 / A', 20, 20, 100, 'y');
insert into t_product_option (pi_id, po_color, po_memory, po_rank, po_name, po_inc, po_dec, po_stock, po_isview) values ('a1403', 'b', '256', 's', '256GB / 블랙 / S', 30, 10, 100, 'y');
insert into t_product_option (pi_id, po_color, po_memory, po_rank, po_name, po_inc, po_dec, po_stock, po_isview) values ('a1403', 'b', '512', 'b', '512GB / 블랙 / B', 20, 20, 100, 'y');
insert into t_product_option (pi_id, po_color, po_memory, po_rank, po_name, po_inc, po_dec, po_stock, po_isview) values ('a1403', 'b', '512', 'a', '512GB / 블랙 / A', 30, 10, 100, 'y');
insert into t_product_option (pi_id, po_color, po_memory, po_rank, po_name, po_inc, po_dec, po_stock, po_isview) values ('a1403', 'b', '512', 's', '512GB / 블랙 / S', 40, 0, 100, 'y');
insert into t_product_option (pi_id, po_color, po_memory, po_rank, po_name, po_inc, po_dec, po_stock, po_isview) values ('a1403', 'w', '128', 'b', '128GB / 화이트 / B', 0, 40, 100, 'y');
insert into t_product_option (pi_id, po_color, po_memory, po_rank, po_name, po_inc, po_dec, po_stock, po_isview) values ('a1403', 'w', '128', 'a', '128GB / 화이트 / A', 10, 30, 100, 'y');
insert into t_product_option (pi_id, po_color, po_memory, po_rank, po_name, po_inc, po_dec, po_stock, po_isview) values ('a1403', 'w', '128', 's', '128GB / 화이트 / S', 20, 20, 100, 'y');
insert into t_product_option (pi_id, po_color, po_memory, po_rank, po_name, po_inc, po_dec, po_stock, po_isview) values ('a1403', 'w', '256', 'b', '256GB / 화이트 / B', 10, 30, 100, 'y');
insert into t_product_option (pi_id, po_color, po_memory, po_rank, po_name, po_inc, po_dec, po_stock, po_isview) values ('a1403', 'w', '256', 'a', '256GB / 화이트 / A', 20, 20, 100, 'y');
insert into t_product_option (pi_id, po_color, po_memory, po_rank, po_name, po_inc, po_dec, po_stock, po_isview) values ('a1403', 'w', '256', 's', '256GB / 화이트 / S', 30, 10, 100, 'y');
insert into t_product_option (pi_id, po_color, po_memory, po_rank, po_name, po_inc, po_dec, po_stock, po_isview) values ('a1403', 'w', '512', 'b', '512GB / 화이트 / B', 20, 20, 100, 'y');
insert into t_product_option (pi_id, po_color, po_memory, po_rank, po_name, po_inc, po_dec, po_stock, po_isview) values ('a1403', 'w', '512', 'a', '512GB / 화이트 / A', 30, 10, 100, 'y');
insert into t_product_option (pi_id, po_color, po_memory, po_rank, po_name, po_inc, po_dec, po_stock, po_isview) values ('a1403', 'w', '512', 's', '512GB / 화이트 / S', 40, 0, 100, 'y');
insert into t_product_option (pi_id, po_color, po_memory, po_rank, po_name, po_inc, po_dec, po_stock, po_isview) values ('s2001', 'b', '128', 'b', '128GB / 블랙 / B', 0, 40, 100, 'y');
insert into t_product_option (pi_id, po_color, po_memory, po_rank, po_name, po_inc, po_dec, po_stock, po_isview) values ('s2001', 'b', '128', 'a', '128GB / 블랙 / A', 10, 30, 100, 'y');
insert into t_product_option (pi_id, po_color, po_memory, po_rank, po_name, po_inc, po_dec, po_stock, po_isview) values ('s2001', 'b', '128', 's', '128GB / 블랙 / S', 20, 20, 100, 'y');
insert into t_product_option (pi_id, po_color, po_memory, po_rank, po_name, po_inc, po_dec, po_stock, po_isview) values ('s2001', 'b', '256', 'b', '256GB / 블랙 / B', 10, 30, 100, 'y');
insert into t_product_option (pi_id, po_color, po_memory, po_rank, po_name, po_inc, po_dec, po_stock, po_isview) values ('s2001', 'b', '256', 'a', '256GB / 블랙 / A', 20, 20, 100, 'y');
insert into t_product_option (pi_id, po_color, po_memory, po_rank, po_name, po_inc, po_dec, po_stock, po_isview) values ('s2001', 'b', '256', 's', '256GB / 블랙 / S', 30, 10, 100, 'y');
insert into t_product_option (pi_id, po_color, po_memory, po_rank, po_name, po_inc, po_dec, po_stock, po_isview) values ('s2001', 'b', '512', 'b', '512GB / 블랙 / B', 20, 20, 100, 'y');
insert into t_product_option (pi_id, po_color, po_memory, po_rank, po_name, po_inc, po_dec, po_stock, po_isview) values ('s2001', 'b', '512', 'a', '512GB / 블랙 / A', 30, 10, 100, 'y');
insert into t_product_option (pi_id, po_color, po_memory, po_rank, po_name, po_inc, po_dec, po_stock, po_isview) values ('s2001', 'b', '512', 's', '512GB / 블랙 / S', 40, 0, 100, 'y');
insert into t_product_option (pi_id, po_color, po_memory, po_rank, po_name, po_inc, po_dec, po_stock, po_isview) values ('s2001', 'w', '128', 'b', '128GB / 화이트 / B', 0, 40, 100, 'y');
insert into t_product_option (pi_id, po_color, po_memory, po_rank, po_name, po_inc, po_dec, po_stock, po_isview) values ('s2001', 'w', '128', 'a', '128GB / 화이트 / A', 10, 30, 100, 'y');
insert into t_product_option (pi_id, po_color, po_memory, po_rank, po_name, po_inc, po_dec, po_stock, po_isview) values ('s2001', 'w', '128', 's', '128GB / 화이트 / S', 20, 20, 100, 'y');
insert into t_product_option (pi_id, po_color, po_memory, po_rank, po_name, po_inc, po_dec, po_stock, po_isview) values ('s2001', 'w', '256', 'b', '256GB / 화이트 / B', 10, 30, 100, 'y');
insert into t_product_option (pi_id, po_color, po_memory, po_rank, po_name, po_inc, po_dec, po_stock, po_isview) values ('s2001', 'w', '256', 'a', '256GB / 화이트 / A', 20, 20, 100, 'y');
insert into t_product_option (pi_id, po_color, po_memory, po_rank, po_name, po_inc, po_dec, po_stock, po_isview) values ('s2001', 'w', '256', 's', '256GB / 화이트 / S', 30, 10, 100, 'y');
insert into t_product_option (pi_id, po_color, po_memory, po_rank, po_name, po_inc, po_dec, po_stock, po_isview) values ('s2001', 'w', '512', 'b', '512GB / 화이트 / B', 20, 20, 100, 'y');
insert into t_product_option (pi_id, po_color, po_memory, po_rank, po_name, po_inc, po_dec, po_stock, po_isview) values ('s2001', 'w', '512', 'a', '512GB / 화이트 / A', 30, 10, 100, 'y');
insert into t_product_option (pi_id, po_color, po_memory, po_rank, po_name, po_inc, po_dec, po_stock, po_isview) values ('s2001', 'w', '512', 's', '512GB / 화이트 / S', 40, 0, 100, 'y');
insert into t_product_option (pi_id, po_color, po_memory, po_rank, po_name, po_inc, po_dec, po_stock, po_isview) values ('s2002', 'b', '128', 'b', '128GB / 블랙 / B', 0, 40, 100, 'y');
insert into t_product_option (pi_id, po_color, po_memory, po_rank, po_name, po_inc, po_dec, po_stock, po_isview) values ('s2002', 'b', '128', 'a', '128GB / 블랙 / A', 10, 30, 100, 'y');
insert into t_product_option (pi_id, po_color, po_memory, po_rank, po_name, po_inc, po_dec, po_stock, po_isview) values ('s2002', 'b', '128', 's', '128GB / 블랙 / S', 20, 20, 100, 'y');
insert into t_product_option (pi_id, po_color, po_memory, po_rank, po_name, po_inc, po_dec, po_stock, po_isview) values ('s2002', 'b', '256', 'b', '256GB / 블랙 / B', 10, 30, 100, 'y');
insert into t_product_option (pi_id, po_color, po_memory, po_rank, po_name, po_inc, po_dec, po_stock, po_isview) values ('s2002', 'b', '256', 'a', '256GB / 블랙 / A', 20, 20, 100, 'y');
insert into t_product_option (pi_id, po_color, po_memory, po_rank, po_name, po_inc, po_dec, po_stock, po_isview) values ('s2002', 'b', '256', 's', '256GB / 블랙 / S', 30, 10, 100, 'y');
insert into t_product_option (pi_id, po_color, po_memory, po_rank, po_name, po_inc, po_dec, po_stock, po_isview) values ('s2002', 'b', '512', 'b', '512GB / 블랙 / B', 20, 20, 100, 'y');
insert into t_product_option (pi_id, po_color, po_memory, po_rank, po_name, po_inc, po_dec, po_stock, po_isview) values ('s2002', 'b', '512', 'a', '512GB / 블랙 / A', 30, 10, 100, 'y');
insert into t_product_option (pi_id, po_color, po_memory, po_rank, po_name, po_inc, po_dec, po_stock, po_isview) values ('s2002', 'b', '512', 's', '512GB / 블랙 / S', 40, 0, 100, 'y');
insert into t_product_option (pi_id, po_color, po_memory, po_rank, po_name, po_inc, po_dec, po_stock, po_isview) values ('s2002', 'w', '128', 'b', '128GB / 화이트 / B', 0, 40, 100, 'y');
insert into t_product_option (pi_id, po_color, po_memory, po_rank, po_name, po_inc, po_dec, po_stock, po_isview) values ('s2002', 'w', '128', 'a', '128GB / 화이트 / A', 10, 30, 100, 'y');
insert into t_product_option (pi_id, po_color, po_memory, po_rank, po_name, po_inc, po_dec, po_stock, po_isview) values ('s2002', 'w', '128', 's', '128GB / 화이트 / S', 20, 20, 100, 'y');
insert into t_product_option (pi_id, po_color, po_memory, po_rank, po_name, po_inc, po_dec, po_stock, po_isview) values ('s2002', 'w', '256', 'b', '256GB / 화이트 / B', 10, 30, 100, 'y');
insert into t_product_option (pi_id, po_color, po_memory, po_rank, po_name, po_inc, po_dec, po_stock, po_isview) values ('s2002', 'w', '256', 'a', '256GB / 화이트 / A', 20, 20, 100, 'y');
insert into t_product_option (pi_id, po_color, po_memory, po_rank, po_name, po_inc, po_dec, po_stock, po_isview) values ('s2002', 'w', '256', 's', '256GB / 화이트 / S', 30, 10, 100, 'y');
insert into t_product_option (pi_id, po_color, po_memory, po_rank, po_name, po_inc, po_dec, po_stock, po_isview) values ('s2002', 'w', '512', 'b', '512GB / 화이트 / B', 20, 20, 100, 'y');
insert into t_product_option (pi_id, po_color, po_memory, po_rank, po_name, po_inc, po_dec, po_stock, po_isview) values ('s2002', 'w', '512', 'a', '512GB / 화이트 / A', 30, 10, 100, 'y');
insert into t_product_option (pi_id, po_color, po_memory, po_rank, po_name, po_inc, po_dec, po_stock, po_isview) values ('s2002', 'w', '512', 's', '512GB / 화이트 / S', 40, 0, 100, 'y');
insert into t_product_option (pi_id, po_color, po_memory, po_rank, po_name, po_inc, po_dec, po_stock, po_isview) values ('s2003', 'b', '128', 'b', '128GB / 블랙 / B', 0, 40, 100, 'y');
insert into t_product_option (pi_id, po_color, po_memory, po_rank, po_name, po_inc, po_dec, po_stock, po_isview) values ('s2003', 'b', '128', 'a', '128GB / 블랙 / A', 10, 30, 100, 'y');
insert into t_product_option (pi_id, po_color, po_memory, po_rank, po_name, po_inc, po_dec, po_stock, po_isview) values ('s2003', 'b', '128', 's', '128GB / 블랙 / S', 20, 20, 100, 'y');
insert into t_product_option (pi_id, po_color, po_memory, po_rank, po_name, po_inc, po_dec, po_stock, po_isview) values ('s2003', 'b', '256', 'b', '256GB / 블랙 / B', 10, 30, 100, 'y');
insert into t_product_option (pi_id, po_color, po_memory, po_rank, po_name, po_inc, po_dec, po_stock, po_isview) values ('s2003', 'b', '256', 'a', '256GB / 블랙 / A', 20, 20, 100, 'y');
insert into t_product_option (pi_id, po_color, po_memory, po_rank, po_name, po_inc, po_dec, po_stock, po_isview) values ('s2003', 'b', '256', 's', '256GB / 블랙 / S', 30, 10, 100, 'y');
insert into t_product_option (pi_id, po_color, po_memory, po_rank, po_name, po_inc, po_dec, po_stock, po_isview) values ('s2003', 'b', '512', 'b', '512GB / 블랙 / B', 20, 20, 100, 'y');
insert into t_product_option (pi_id, po_color, po_memory, po_rank, po_name, po_inc, po_dec, po_stock, po_isview) values ('s2003', 'b', '512', 'a', '512GB / 블랙 / A', 30, 10, 100, 'y');
insert into t_product_option (pi_id, po_color, po_memory, po_rank, po_name, po_inc, po_dec, po_stock, po_isview) values ('s2003', 'b', '512', 's', '512GB / 블랙 / S', 40, 0, 100, 'y');
insert into t_product_option (pi_id, po_color, po_memory, po_rank, po_name, po_inc, po_dec, po_stock, po_isview) values ('s2003', 'w', '128', 'b', '128GB / 화이트 / B', 0, 40, 100, 'y');
insert into t_product_option (pi_id, po_color, po_memory, po_rank, po_name, po_inc, po_dec, po_stock, po_isview) values ('s2003', 'w', '128', 'a', '128GB / 화이트 / A', 10, 30, 100, 'y');
insert into t_product_option (pi_id, po_color, po_memory, po_rank, po_name, po_inc, po_dec, po_stock, po_isview) values ('s2003', 'w', '128', 's', '128GB / 화이트 / S', 20, 20, 100, 'y');
insert into t_product_option (pi_id, po_color, po_memory, po_rank, po_name, po_inc, po_dec, po_stock, po_isview) values ('s2003', 'w', '256', 'b', '256GB / 화이트 / B', 10, 30, 100, 'y');
insert into t_product_option (pi_id, po_color, po_memory, po_rank, po_name, po_inc, po_dec, po_stock, po_isview) values ('s2003', 'w', '256', 'a', '256GB / 화이트 / A', 20, 20, 100, 'y');
insert into t_product_option (pi_id, po_color, po_memory, po_rank, po_name, po_inc, po_dec, po_stock, po_isview) values ('s2003', 'w', '256', 's', '256GB / 화이트 / S', 30, 10, 100, 'y');
insert into t_product_option (pi_id, po_color, po_memory, po_rank, po_name, po_inc, po_dec, po_stock, po_isview) values ('s2003', 'w', '512', 'b', '512GB / 화이트 / B', 20, 20, 100, 'y');
insert into t_product_option (pi_id, po_color, po_memory, po_rank, po_name, po_inc, po_dec, po_stock, po_isview) values ('s2003', 'w', '512', 'a', '512GB / 화이트 / A', 30, 10, 100, 'y');
insert into t_product_option (pi_id, po_color, po_memory, po_rank, po_name, po_inc, po_dec, po_stock, po_isview) values ('s2003', 'w', '512', 's', '512GB / 화이트 / S', 40, 0, 100, 'y');
insert into t_product_option (pi_id, po_color, po_memory, po_rank, po_name, po_inc, po_dec, po_stock, po_isview) values ('s2101', 'b', '128', 'b', '128GB / 블랙 / B', 0, 40, 100, 'y');
insert into t_product_option (pi_id, po_color, po_memory, po_rank, po_name, po_inc, po_dec, po_stock, po_isview) values ('s2101', 'b', '128', 'a', '128GB / 블랙 / A', 10, 30, 100, 'y');
insert into t_product_option (pi_id, po_color, po_memory, po_rank, po_name, po_inc, po_dec, po_stock, po_isview) values ('s2101', 'b', '128', 's', '128GB / 블랙 / S', 20, 20, 100, 'y');
insert into t_product_option (pi_id, po_color, po_memory, po_rank, po_name, po_inc, po_dec, po_stock, po_isview) values ('s2101', 'b', '256', 'b', '256GB / 블랙 / B', 10, 30, 100, 'y');
insert into t_product_option (pi_id, po_color, po_memory, po_rank, po_name, po_inc, po_dec, po_stock, po_isview) values ('s2101', 'b', '256', 'a', '256GB / 블랙 / A', 20, 20, 100, 'y');
insert into t_product_option (pi_id, po_color, po_memory, po_rank, po_name, po_inc, po_dec, po_stock, po_isview) values ('s2101', 'b', '256', 's', '256GB / 블랙 / S', 30, 10, 100, 'y');
insert into t_product_option (pi_id, po_color, po_memory, po_rank, po_name, po_inc, po_dec, po_stock, po_isview) values ('s2101', 'b', '512', 'b', '512GB / 블랙 / B', 20, 20, 100, 'y');
insert into t_product_option (pi_id, po_color, po_memory, po_rank, po_name, po_inc, po_dec, po_stock, po_isview) values ('s2101', 'b', '512', 'a', '512GB / 블랙 / A', 30, 10, 100, 'y');
insert into t_product_option (pi_id, po_color, po_memory, po_rank, po_name, po_inc, po_dec, po_stock, po_isview) values ('s2101', 'b', '512', 's', '512GB / 블랙 / S', 40, 0, 100, 'y');
insert into t_product_option (pi_id, po_color, po_memory, po_rank, po_name, po_inc, po_dec, po_stock, po_isview) values ('s2101', 'w', '128', 'b', '128GB / 화이트 / B', 0, 40, 100, 'y');
insert into t_product_option (pi_id, po_color, po_memory, po_rank, po_name, po_inc, po_dec, po_stock, po_isview) values ('s2101', 'w', '128', 'a', '128GB / 화이트 / A', 10, 30, 100, 'y');
insert into t_product_option (pi_id, po_color, po_memory, po_rank, po_name, po_inc, po_dec, po_stock, po_isview) values ('s2101', 'w', '128', 's', '128GB / 화이트 / S', 20, 20, 100, 'y');
insert into t_product_option (pi_id, po_color, po_memory, po_rank, po_name, po_inc, po_dec, po_stock, po_isview) values ('s2101', 'w', '256', 'b', '256GB / 화이트 / B', 10, 30, 100, 'y');
insert into t_product_option (pi_id, po_color, po_memory, po_rank, po_name, po_inc, po_dec, po_stock, po_isview) values ('s2101', 'w', '256', 'a', '256GB / 화이트 / A', 20, 20, 100, 'y');
insert into t_product_option (pi_id, po_color, po_memory, po_rank, po_name, po_inc, po_dec, po_stock, po_isview) values ('s2101', 'w', '256', 's', '256GB / 화이트 / S', 30, 10, 100, 'y');
insert into t_product_option (pi_id, po_color, po_memory, po_rank, po_name, po_inc, po_dec, po_stock, po_isview) values ('s2101', 'w', '512', 'b', '512GB / 화이트 / B', 20, 20, 100, 'y');
insert into t_product_option (pi_id, po_color, po_memory, po_rank, po_name, po_inc, po_dec, po_stock, po_isview) values ('s2101', 'w', '512', 'a', '512GB / 화이트 / A', 30, 10, 100, 'y');
insert into t_product_option (pi_id, po_color, po_memory, po_rank, po_name, po_inc, po_dec, po_stock, po_isview) values ('s2101', 'w', '512', 's', '512GB / 화이트 / S', 40, 0, 100, 'y');
insert into t_product_option (pi_id, po_color, po_memory, po_rank, po_name, po_inc, po_dec, po_stock, po_isview) values ('s2102', 'b', '128', 'b', '128GB / 블랙 / B', 0, 40, 100, 'y');
insert into t_product_option (pi_id, po_color, po_memory, po_rank, po_name, po_inc, po_dec, po_stock, po_isview) values ('s2102', 'b', '128', 'a', '128GB / 블랙 / A', 10, 30, 100, 'y');
insert into t_product_option (pi_id, po_color, po_memory, po_rank, po_name, po_inc, po_dec, po_stock, po_isview) values ('s2102', 'b', '128', 's', '128GB / 블랙 / S', 20, 20, 100, 'y');
insert into t_product_option (pi_id, po_color, po_memory, po_rank, po_name, po_inc, po_dec, po_stock, po_isview) values ('s2102', 'b', '256', 'b', '256GB / 블랙 / B', 10, 30, 100, 'y');
insert into t_product_option (pi_id, po_color, po_memory, po_rank, po_name, po_inc, po_dec, po_stock, po_isview) values ('s2102', 'b', '256', 'a', '256GB / 블랙 / A', 20, 20, 100, 'y');
insert into t_product_option (pi_id, po_color, po_memory, po_rank, po_name, po_inc, po_dec, po_stock, po_isview) values ('s2102', 'b', '256', 's', '256GB / 블랙 / S', 30, 10, 100, 'y');
insert into t_product_option (pi_id, po_color, po_memory, po_rank, po_name, po_inc, po_dec, po_stock, po_isview) values ('s2102', 'b', '512', 'b', '512GB / 블랙 / B', 20, 20, 100, 'y');
insert into t_product_option (pi_id, po_color, po_memory, po_rank, po_name, po_inc, po_dec, po_stock, po_isview) values ('s2102', 'b', '512', 'a', '512GB / 블랙 / A', 30, 10, 100, 'y');
insert into t_product_option (pi_id, po_color, po_memory, po_rank, po_name, po_inc, po_dec, po_stock, po_isview) values ('s2102', 'b', '512', 's', '512GB / 블랙 / S', 40, 0, 100, 'y');
insert into t_product_option (pi_id, po_color, po_memory, po_rank, po_name, po_inc, po_dec, po_stock, po_isview) values ('s2102', 'w', '128', 'b', '128GB / 화이트 / B', 0, 40, 100, 'y');
insert into t_product_option (pi_id, po_color, po_memory, po_rank, po_name, po_inc, po_dec, po_stock, po_isview) values ('s2102', 'w', '128', 'a', '128GB / 화이트 / A', 10, 30, 100, 'y');
insert into t_product_option (pi_id, po_color, po_memory, po_rank, po_name, po_inc, po_dec, po_stock, po_isview) values ('s2102', 'w', '128', 's', '128GB / 화이트 / S', 20, 20, 100, 'y');
insert into t_product_option (pi_id, po_color, po_memory, po_rank, po_name, po_inc, po_dec, po_stock, po_isview) values ('s2102', 'w', '256', 'b', '256GB / 화이트 / B', 10, 30, 100, 'y');
insert into t_product_option (pi_id, po_color, po_memory, po_rank, po_name, po_inc, po_dec, po_stock, po_isview) values ('s2102', 'w', '256', 'a', '256GB / 화이트 / A', 20, 20, 100, 'y');
insert into t_product_option (pi_id, po_color, po_memory, po_rank, po_name, po_inc, po_dec, po_stock, po_isview) values ('s2102', 'w', '256', 's', '256GB / 화이트 / S', 30, 10, 100, 'y');
insert into t_product_option (pi_id, po_color, po_memory, po_rank, po_name, po_inc, po_dec, po_stock, po_isview) values ('s2102', 'w', '512', 'b', '512GB / 화이트 / B', 20, 20, 100, 'y');
insert into t_product_option (pi_id, po_color, po_memory, po_rank, po_name, po_inc, po_dec, po_stock, po_isview) values ('s2102', 'w', '512', 'a', '512GB / 화이트 / A', 30, 10, 100, 'y');
insert into t_product_option (pi_id, po_color, po_memory, po_rank, po_name, po_inc, po_dec, po_stock, po_isview) values ('s2102', 'w', '512', 's', '512GB / 화이트 / S', 40, 0, 100, 'y');
insert into t_product_option (pi_id, po_color, po_memory, po_rank, po_name, po_inc, po_dec, po_stock, po_isview) values ('s2103', 'b', '128', 'b', '128GB / 블랙 / B', 0, 40, 100, 'y');
insert into t_product_option (pi_id, po_color, po_memory, po_rank, po_name, po_inc, po_dec, po_stock, po_isview) values ('s2103', 'b', '128', 'a', '128GB / 블랙 / A', 10, 30, 100, 'y');
insert into t_product_option (pi_id, po_color, po_memory, po_rank, po_name, po_inc, po_dec, po_stock, po_isview) values ('s2103', 'b', '128', 's', '128GB / 블랙 / S', 20, 20, 100, 'y');
insert into t_product_option (pi_id, po_color, po_memory, po_rank, po_name, po_inc, po_dec, po_stock, po_isview) values ('s2103', 'b', '256', 'b', '256GB / 블랙 / B', 10, 30, 100, 'y');
insert into t_product_option (pi_id, po_color, po_memory, po_rank, po_name, po_inc, po_dec, po_stock, po_isview) values ('s2103', 'b', '256', 'a', '256GB / 블랙 / A', 20, 20, 100, 'y');
insert into t_product_option (pi_id, po_color, po_memory, po_rank, po_name, po_inc, po_dec, po_stock, po_isview) values ('s2103', 'b', '256', 's', '256GB / 블랙 / S', 30, 10, 100, 'y');
insert into t_product_option (pi_id, po_color, po_memory, po_rank, po_name, po_inc, po_dec, po_stock, po_isview) values ('s2103', 'b', '512', 'b', '512GB / 블랙 / B', 20, 20, 100, 'y');
insert into t_product_option (pi_id, po_color, po_memory, po_rank, po_name, po_inc, po_dec, po_stock, po_isview) values ('s2103', 'b', '512', 'a', '512GB / 블랙 / A', 30, 10, 100, 'y');
insert into t_product_option (pi_id, po_color, po_memory, po_rank, po_name, po_inc, po_dec, po_stock, po_isview) values ('s2103', 'b', '512', 's', '512GB / 블랙 / S', 40, 0, 100, 'y');
insert into t_product_option (pi_id, po_color, po_memory, po_rank, po_name, po_inc, po_dec, po_stock, po_isview) values ('s2103', 'w', '128', 'b', '128GB / 화이트 / B', 0, 40, 100, 'y');
insert into t_product_option (pi_id, po_color, po_memory, po_rank, po_name, po_inc, po_dec, po_stock, po_isview) values ('s2103', 'w', '128', 'a', '128GB / 화이트 / A', 10, 30, 100, 'y');
insert into t_product_option (pi_id, po_color, po_memory, po_rank, po_name, po_inc, po_dec, po_stock, po_isview) values ('s2103', 'w', '128', 's', '128GB / 화이트 / S', 20, 20, 100, 'y');
insert into t_product_option (pi_id, po_color, po_memory, po_rank, po_name, po_inc, po_dec, po_stock, po_isview) values ('s2103', 'w', '256', 'b', '256GB / 화이트 / B', 10, 30, 100, 'y');
insert into t_product_option (pi_id, po_color, po_memory, po_rank, po_name, po_inc, po_dec, po_stock, po_isview) values ('s2103', 'w', '256', 'a', '256GB / 화이트 / A', 20, 20, 100, 'y');
insert into t_product_option (pi_id, po_color, po_memory, po_rank, po_name, po_inc, po_dec, po_stock, po_isview) values ('s2103', 'w', '256', 's', '256GB / 화이트 / S', 30, 10, 100, 'y');
insert into t_product_option (pi_id, po_color, po_memory, po_rank, po_name, po_inc, po_dec, po_stock, po_isview) values ('s2103', 'w', '512', 'b', '512GB / 화이트 / B', 20, 20, 100, 'y');
insert into t_product_option (pi_id, po_color, po_memory, po_rank, po_name, po_inc, po_dec, po_stock, po_isview) values ('s2103', 'w', '512', 'a', '512GB / 화이트 / A', 30, 10, 100, 'y');
insert into t_product_option (pi_id, po_color, po_memory, po_rank, po_name, po_inc, po_dec, po_stock, po_isview) values ('s2103', 'w', '512', 's', '512GB / 화이트 / S', 40, 0, 100, 'y');
insert into t_product_option (pi_id, po_color, po_memory, po_rank, po_name, po_inc, po_dec, po_stock, po_isview) values ('s2201', 'b', '128', 'b', '128GB / 블랙 / B', 0, 40, 100, 'y');
insert into t_product_option (pi_id, po_color, po_memory, po_rank, po_name, po_inc, po_dec, po_stock, po_isview) values ('s2201', 'b', '128', 'a', '128GB / 블랙 / A', 10, 30, 100, 'y');
insert into t_product_option (pi_id, po_color, po_memory, po_rank, po_name, po_inc, po_dec, po_stock, po_isview) values ('s2201', 'b', '128', 's', '128GB / 블랙 / S', 20, 20, 100, 'y');
insert into t_product_option (pi_id, po_color, po_memory, po_rank, po_name, po_inc, po_dec, po_stock, po_isview) values ('s2201', 'b', '256', 'b', '256GB / 블랙 / B', 10, 30, 100, 'y');
insert into t_product_option (pi_id, po_color, po_memory, po_rank, po_name, po_inc, po_dec, po_stock, po_isview) values ('s2201', 'b', '256', 'a', '256GB / 블랙 / A', 20, 20, 100, 'y');
insert into t_product_option (pi_id, po_color, po_memory, po_rank, po_name, po_inc, po_dec, po_stock, po_isview) values ('s2201', 'b', '256', 's', '256GB / 블랙 / S', 30, 10, 100, 'y');
insert into t_product_option (pi_id, po_color, po_memory, po_rank, po_name, po_inc, po_dec, po_stock, po_isview) values ('s2201', 'b', '512', 'b', '512GB / 블랙 / B', 20, 20, 100, 'y');
insert into t_product_option (pi_id, po_color, po_memory, po_rank, po_name, po_inc, po_dec, po_stock, po_isview) values ('s2201', 'b', '512', 'a', '512GB / 블랙 / A', 30, 10, 100, 'y');
insert into t_product_option (pi_id, po_color, po_memory, po_rank, po_name, po_inc, po_dec, po_stock, po_isview) values ('s2201', 'b', '512', 's', '512GB / 블랙 / S', 40, 0, 100, 'y');
insert into t_product_option (pi_id, po_color, po_memory, po_rank, po_name, po_inc, po_dec, po_stock, po_isview) values ('s2201', 'w', '128', 'b', '128GB / 화이트 / B', 0, 40, 100, 'y');
insert into t_product_option (pi_id, po_color, po_memory, po_rank, po_name, po_inc, po_dec, po_stock, po_isview) values ('s2201', 'w', '128', 'a', '128GB / 화이트 / A', 10, 30, 100, 'y');
insert into t_product_option (pi_id, po_color, po_memory, po_rank, po_name, po_inc, po_dec, po_stock, po_isview) values ('s2201', 'w', '128', 's', '128GB / 화이트 / S', 20, 20, 100, 'y');
insert into t_product_option (pi_id, po_color, po_memory, po_rank, po_name, po_inc, po_dec, po_stock, po_isview) values ('s2201', 'w', '256', 'b', '256GB / 화이트 / B', 10, 30, 100, 'y');
insert into t_product_option (pi_id, po_color, po_memory, po_rank, po_name, po_inc, po_dec, po_stock, po_isview) values ('s2201', 'w', '256', 'a', '256GB / 화이트 / A', 20, 20, 100, 'y');
insert into t_product_option (pi_id, po_color, po_memory, po_rank, po_name, po_inc, po_dec, po_stock, po_isview) values ('s2201', 'w', '256', 's', '256GB / 화이트 / S', 30, 10, 100, 'y');
insert into t_product_option (pi_id, po_color, po_memory, po_rank, po_name, po_inc, po_dec, po_stock, po_isview) values ('s2201', 'w', '512', 'b', '512GB / 화이트 / B', 20, 20, 100, 'y');
insert into t_product_option (pi_id, po_color, po_memory, po_rank, po_name, po_inc, po_dec, po_stock, po_isview) values ('s2201', 'w', '512', 'a', '512GB / 화이트 / A', 30, 10, 100, 'y');
insert into t_product_option (pi_id, po_color, po_memory, po_rank, po_name, po_inc, po_dec, po_stock, po_isview) values ('s2201', 'w', '512', 's', '512GB / 화이트 / S', 40, 0, 100, 'y');
insert into t_product_option (pi_id, po_color, po_memory, po_rank, po_name, po_inc, po_dec, po_stock, po_isview) values ('s2202', 'b', '128', 'b', '128GB / 블랙 / B', 0, 40, 100, 'y');
insert into t_product_option (pi_id, po_color, po_memory, po_rank, po_name, po_inc, po_dec, po_stock, po_isview) values ('s2202', 'b', '128', 'a', '128GB / 블랙 / A', 10, 30, 100, 'y');
insert into t_product_option (pi_id, po_color, po_memory, po_rank, po_name, po_inc, po_dec, po_stock, po_isview) values ('s2202', 'b', '128', 's', '128GB / 블랙 / S', 20, 20, 100, 'y');
insert into t_product_option (pi_id, po_color, po_memory, po_rank, po_name, po_inc, po_dec, po_stock, po_isview) values ('s2202', 'b', '256', 'b', '256GB / 블랙 / B', 10, 30, 100, 'y');
insert into t_product_option (pi_id, po_color, po_memory, po_rank, po_name, po_inc, po_dec, po_stock, po_isview) values ('s2202', 'b', '256', 'a', '256GB / 블랙 / A', 20, 20, 100, 'y');
insert into t_product_option (pi_id, po_color, po_memory, po_rank, po_name, po_inc, po_dec, po_stock, po_isview) values ('s2202', 'b', '256', 's', '256GB / 블랙 / S', 30, 10, 100, 'y');
insert into t_product_option (pi_id, po_color, po_memory, po_rank, po_name, po_inc, po_dec, po_stock, po_isview) values ('s2202', 'b', '512', 'b', '512GB / 블랙 / B', 20, 20, 100, 'y');
insert into t_product_option (pi_id, po_color, po_memory, po_rank, po_name, po_inc, po_dec, po_stock, po_isview) values ('s2202', 'b', '512', 'a', '512GB / 블랙 / A', 30, 10, 100, 'y');
insert into t_product_option (pi_id, po_color, po_memory, po_rank, po_name, po_inc, po_dec, po_stock, po_isview) values ('s2202', 'b', '512', 's', '512GB / 블랙 / S', 40, 0, 100, 'y');
insert into t_product_option (pi_id, po_color, po_memory, po_rank, po_name, po_inc, po_dec, po_stock, po_isview) values ('s2202', 'w', '128', 'b', '128GB / 화이트 / B', 0, 40, 100, 'y');
insert into t_product_option (pi_id, po_color, po_memory, po_rank, po_name, po_inc, po_dec, po_stock, po_isview) values ('s2202', 'w', '128', 'a', '128GB / 화이트 / A', 10, 30, 100, 'y');
insert into t_product_option (pi_id, po_color, po_memory, po_rank, po_name, po_inc, po_dec, po_stock, po_isview) values ('s2202', 'w', '128', 's', '128GB / 화이트 / S', 20, 20, 100, 'y');
insert into t_product_option (pi_id, po_color, po_memory, po_rank, po_name, po_inc, po_dec, po_stock, po_isview) values ('s2202', 'w', '256', 'b', '256GB / 화이트 / B', 10, 30, 100, 'y');
insert into t_product_option (pi_id, po_color, po_memory, po_rank, po_name, po_inc, po_dec, po_stock, po_isview) values ('s2202', 'w', '256', 'a', '256GB / 화이트 / A', 20, 20, 100, 'y');
insert into t_product_option (pi_id, po_color, po_memory, po_rank, po_name, po_inc, po_dec, po_stock, po_isview) values ('s2202', 'w', '256', 's', '256GB / 화이트 / S', 30, 10, 100, 'y');
insert into t_product_option (pi_id, po_color, po_memory, po_rank, po_name, po_inc, po_dec, po_stock, po_isview) values ('s2202', 'w', '512', 'b', '512GB / 화이트 / B', 20, 20, 100, 'y');
insert into t_product_option (pi_id, po_color, po_memory, po_rank, po_name, po_inc, po_dec, po_stock, po_isview) values ('s2202', 'w', '512', 'a', '512GB / 화이트 / A', 30, 10, 100, 'y');
insert into t_product_option (pi_id, po_color, po_memory, po_rank, po_name, po_inc, po_dec, po_stock, po_isview) values ('s2202', 'w', '512', 's', '512GB / 화이트 / S', 40, 0, 100, 'y');
insert into t_product_option (pi_id, po_color, po_memory, po_rank, po_name, po_inc, po_dec, po_stock, po_isview) values ('s2203', 'b', '128', 'b', '128GB / 블랙 / B', 0, 40, 100, 'y');
insert into t_product_option (pi_id, po_color, po_memory, po_rank, po_name, po_inc, po_dec, po_stock, po_isview) values ('s2203', 'b', '128', 'a', '128GB / 블랙 / A', 10, 30, 100, 'y');
insert into t_product_option (pi_id, po_color, po_memory, po_rank, po_name, po_inc, po_dec, po_stock, po_isview) values ('s2203', 'b', '128', 's', '128GB / 블랙 / S', 20, 20, 100, 'y');
insert into t_product_option (pi_id, po_color, po_memory, po_rank, po_name, po_inc, po_dec, po_stock, po_isview) values ('s2203', 'b', '256', 'b', '256GB / 블랙 / B', 10, 30, 100, 'y');
insert into t_product_option (pi_id, po_color, po_memory, po_rank, po_name, po_inc, po_dec, po_stock, po_isview) values ('s2203', 'b', '256', 'a', '256GB / 블랙 / A', 20, 20, 100, 'y');
insert into t_product_option (pi_id, po_color, po_memory, po_rank, po_name, po_inc, po_dec, po_stock, po_isview) values ('s2203', 'b', '256', 's', '256GB / 블랙 / S', 30, 10, 100, 'y');
insert into t_product_option (pi_id, po_color, po_memory, po_rank, po_name, po_inc, po_dec, po_stock, po_isview) values ('s2203', 'b', '512', 'b', '512GB / 블랙 / B', 20, 20, 100, 'y');
insert into t_product_option (pi_id, po_color, po_memory, po_rank, po_name, po_inc, po_dec, po_stock, po_isview) values ('s2203', 'b', '512', 'a', '512GB / 블랙 / A', 30, 10, 100, 'y');
insert into t_product_option (pi_id, po_color, po_memory, po_rank, po_name, po_inc, po_dec, po_stock, po_isview) values ('s2203', 'b', '512', 's', '512GB / 블랙 / S', 40, 0, 100, 'y');
insert into t_product_option (pi_id, po_color, po_memory, po_rank, po_name, po_inc, po_dec, po_stock, po_isview) values ('s2203', 'w', '128', 'b', '128GB / 화이트 / B', 0, 40, 100, 'y');
insert into t_product_option (pi_id, po_color, po_memory, po_rank, po_name, po_inc, po_dec, po_stock, po_isview) values ('s2203', 'w', '128', 'a', '128GB / 화이트 / A', 10, 30, 100, 'y');
insert into t_product_option (pi_id, po_color, po_memory, po_rank, po_name, po_inc, po_dec, po_stock, po_isview) values ('s2203', 'w', '128', 's', '128GB / 화이트 / S', 20, 20, 100, 'y');
insert into t_product_option (pi_id, po_color, po_memory, po_rank, po_name, po_inc, po_dec, po_stock, po_isview) values ('s2203', 'w', '256', 'b', '256GB / 화이트 / B', 10, 30, 100, 'y');
insert into t_product_option (pi_id, po_color, po_memory, po_rank, po_name, po_inc, po_dec, po_stock, po_isview) values ('s2203', 'w', '256', 'a', '256GB / 화이트 / A', 20, 20, 100, 'y');
insert into t_product_option (pi_id, po_color, po_memory, po_rank, po_name, po_inc, po_dec, po_stock, po_isview) values ('s2203', 'w', '256', 's', '256GB / 화이트 / S', 30, 10, 100, 'y');
insert into t_product_option (pi_id, po_color, po_memory, po_rank, po_name, po_inc, po_dec, po_stock, po_isview) values ('s2203', 'w', '512', 'b', '512GB / 화이트 / B', 20, 20, 100, 'y');
insert into t_product_option (pi_id, po_color, po_memory, po_rank, po_name, po_inc, po_dec, po_stock, po_isview) values ('s2203', 'w', '512', 'a', '512GB / 화이트 / A', 30, 10, 100, 'y');
insert into t_product_option (pi_id, po_color, po_memory, po_rank, po_name, po_inc, po_dec, po_stock, po_isview) values ('s2203', 'w', '512', 's', '512GB / 화이트 / S', 40, 0, 100, 'y');
insert into t_product_option (pi_id, po_color, po_memory, po_rank, po_name, po_inc, po_dec, po_stock, po_isview) values ('s2301', 'b', '128', 'b', '128GB / 블랙 / B', 0, 40, 100, 'y');
insert into t_product_option (pi_id, po_color, po_memory, po_rank, po_name, po_inc, po_dec, po_stock, po_isview) values ('s2301', 'b', '128', 'a', '128GB / 블랙 / A', 10, 30, 100, 'y');
insert into t_product_option (pi_id, po_color, po_memory, po_rank, po_name, po_inc, po_dec, po_stock, po_isview) values ('s2301', 'b', '128', 's', '128GB / 블랙 / S', 20, 20, 100, 'y');
insert into t_product_option (pi_id, po_color, po_memory, po_rank, po_name, po_inc, po_dec, po_stock, po_isview) values ('s2301', 'b', '256', 'b', '256GB / 블랙 / B', 10, 30, 100, 'y');
insert into t_product_option (pi_id, po_color, po_memory, po_rank, po_name, po_inc, po_dec, po_stock, po_isview) values ('s2301', 'b', '256', 'a', '256GB / 블랙 / A', 20, 20, 100, 'y');
insert into t_product_option (pi_id, po_color, po_memory, po_rank, po_name, po_inc, po_dec, po_stock, po_isview) values ('s2301', 'b', '256', 's', '256GB / 블랙 / S', 30, 10, 100, 'y');
insert into t_product_option (pi_id, po_color, po_memory, po_rank, po_name, po_inc, po_dec, po_stock, po_isview) values ('s2301', 'b', '512', 'b', '512GB / 블랙 / B', 20, 20, 100, 'y');
insert into t_product_option (pi_id, po_color, po_memory, po_rank, po_name, po_inc, po_dec, po_stock, po_isview) values ('s2301', 'b', '512', 'a', '512GB / 블랙 / A', 30, 10, 100, 'y');
insert into t_product_option (pi_id, po_color, po_memory, po_rank, po_name, po_inc, po_dec, po_stock, po_isview) values ('s2301', 'b', '512', 's', '512GB / 블랙 / S', 40, 0, 100, 'y');
insert into t_product_option (pi_id, po_color, po_memory, po_rank, po_name, po_inc, po_dec, po_stock, po_isview) values ('s2301', 'w', '128', 'b', '128GB / 화이트 / B', 0, 40, 100, 'y');
insert into t_product_option (pi_id, po_color, po_memory, po_rank, po_name, po_inc, po_dec, po_stock, po_isview) values ('s2301', 'w', '128', 'a', '128GB / 화이트 / A', 10, 30, 100, 'y');
insert into t_product_option (pi_id, po_color, po_memory, po_rank, po_name, po_inc, po_dec, po_stock, po_isview) values ('s2301', 'w', '128', 's', '128GB / 화이트 / S', 20, 20, 100, 'y');
insert into t_product_option (pi_id, po_color, po_memory, po_rank, po_name, po_inc, po_dec, po_stock, po_isview) values ('s2301', 'w', '256', 'b', '256GB / 화이트 / B', 10, 30, 100, 'y');
insert into t_product_option (pi_id, po_color, po_memory, po_rank, po_name, po_inc, po_dec, po_stock, po_isview) values ('s2301', 'w', '256', 'a', '256GB / 화이트 / A', 20, 20, 100, 'y');
insert into t_product_option (pi_id, po_color, po_memory, po_rank, po_name, po_inc, po_dec, po_stock, po_isview) values ('s2301', 'w', '256', 's', '256GB / 화이트 / S', 30, 10, 100, 'y');
insert into t_product_option (pi_id, po_color, po_memory, po_rank, po_name, po_inc, po_dec, po_stock, po_isview) values ('s2301', 'w', '512', 'b', '512GB / 화이트 / B', 20, 20, 100, 'y');
insert into t_product_option (pi_id, po_color, po_memory, po_rank, po_name, po_inc, po_dec, po_stock, po_isview) values ('s2301', 'w', '512', 'a', '512GB / 화이트 / A', 30, 10, 100, 'y');
insert into t_product_option (pi_id, po_color, po_memory, po_rank, po_name, po_inc, po_dec, po_stock, po_isview) values ('s2301', 'w', '512', 's', '512GB / 화이트 / S', 40, 0, 100, 'y');
insert into t_product_option (pi_id, po_color, po_memory, po_rank, po_name, po_inc, po_dec, po_stock, po_isview) values ('s2302', 'b', '128', 'b', '128GB / 블랙 / B', 0, 40, 100, 'y');
insert into t_product_option (pi_id, po_color, po_memory, po_rank, po_name, po_inc, po_dec, po_stock, po_isview) values ('s2302', 'b', '128', 'a', '128GB / 블랙 / A', 10, 30, 100, 'y');
insert into t_product_option (pi_id, po_color, po_memory, po_rank, po_name, po_inc, po_dec, po_stock, po_isview) values ('s2302', 'b', '128', 's', '128GB / 블랙 / S', 20, 20, 100, 'y');
insert into t_product_option (pi_id, po_color, po_memory, po_rank, po_name, po_inc, po_dec, po_stock, po_isview) values ('s2302', 'b', '256', 'b', '256GB / 블랙 / B', 10, 30, 100, 'y');
insert into t_product_option (pi_id, po_color, po_memory, po_rank, po_name, po_inc, po_dec, po_stock, po_isview) values ('s2302', 'b', '256', 'a', '256GB / 블랙 / A', 20, 20, 100, 'y');
insert into t_product_option (pi_id, po_color, po_memory, po_rank, po_name, po_inc, po_dec, po_stock, po_isview) values ('s2302', 'b', '256', 's', '256GB / 블랙 / S', 30, 10, 100, 'y');
insert into t_product_option (pi_id, po_color, po_memory, po_rank, po_name, po_inc, po_dec, po_stock, po_isview) values ('s2302', 'b', '512', 'b', '512GB / 블랙 / B', 20, 20, 100, 'y');
insert into t_product_option (pi_id, po_color, po_memory, po_rank, po_name, po_inc, po_dec, po_stock, po_isview) values ('s2302', 'b', '512', 'a', '512GB / 블랙 / A', 30, 10, 100, 'y');
insert into t_product_option (pi_id, po_color, po_memory, po_rank, po_name, po_inc, po_dec, po_stock, po_isview) values ('s2302', 'b', '512', 's', '512GB / 블랙 / S', 40, 0, 100, 'y');
insert into t_product_option (pi_id, po_color, po_memory, po_rank, po_name, po_inc, po_dec, po_stock, po_isview) values ('s2302', 'w', '128', 'b', '128GB / 화이트 / B', 0, 40, 100, 'y');
insert into t_product_option (pi_id, po_color, po_memory, po_rank, po_name, po_inc, po_dec, po_stock, po_isview) values ('s2302', 'w', '128', 'a', '128GB / 화이트 / A', 10, 30, 100, 'y');
insert into t_product_option (pi_id, po_color, po_memory, po_rank, po_name, po_inc, po_dec, po_stock, po_isview) values ('s2302', 'w', '128', 's', '128GB / 화이트 / S', 20, 20, 100, 'y');
insert into t_product_option (pi_id, po_color, po_memory, po_rank, po_name, po_inc, po_dec, po_stock, po_isview) values ('s2302', 'w', '256', 'b', '256GB / 화이트 / B', 10, 30, 100, 'y');
insert into t_product_option (pi_id, po_color, po_memory, po_rank, po_name, po_inc, po_dec, po_stock, po_isview) values ('s2302', 'w', '256', 'a', '256GB / 화이트 / A', 20, 20, 100, 'y');
insert into t_product_option (pi_id, po_color, po_memory, po_rank, po_name, po_inc, po_dec, po_stock, po_isview) values ('s2302', 'w', '256', 's', '256GB / 화이트 / S', 30, 10, 100, 'y');
insert into t_product_option (pi_id, po_color, po_memory, po_rank, po_name, po_inc, po_dec, po_stock, po_isview) values ('s2302', 'w', '512', 'b', '512GB / 화이트 / B', 20, 20, 100, 'y');
insert into t_product_option (pi_id, po_color, po_memory, po_rank, po_name, po_inc, po_dec, po_stock, po_isview) values ('s2302', 'w', '512', 'a', '512GB / 화이트 / A', 30, 10, 100, 'y');
insert into t_product_option (pi_id, po_color, po_memory, po_rank, po_name, po_inc, po_dec, po_stock, po_isview) values ('s2302', 'w', '512', 's', '512GB / 화이트 / S', 40, 0, 100, 'y');
insert into t_product_option (pi_id, po_color, po_memory, po_rank, po_name, po_inc, po_dec, po_stock, po_isview) values ('s2303', 'b', '128', 'b', '128GB / 블랙 / B', 0, 40, 100, 'y');
insert into t_product_option (pi_id, po_color, po_memory, po_rank, po_name, po_inc, po_dec, po_stock, po_isview) values ('s2303', 'b', '128', 'a', '128GB / 블랙 / A', 10, 30, 100, 'y');
insert into t_product_option (pi_id, po_color, po_memory, po_rank, po_name, po_inc, po_dec, po_stock, po_isview) values ('s2303', 'b', '128', 's', '128GB / 블랙 / S', 20, 20, 100, 'y');
insert into t_product_option (pi_id, po_color, po_memory, po_rank, po_name, po_inc, po_dec, po_stock, po_isview) values ('s2303', 'b', '256', 'b', '256GB / 블랙 / B', 10, 30, 100, 'y');
insert into t_product_option (pi_id, po_color, po_memory, po_rank, po_name, po_inc, po_dec, po_stock, po_isview) values ('s2303', 'b', '256', 'a', '256GB / 블랙 / A', 20, 20, 100, 'y');
insert into t_product_option (pi_id, po_color, po_memory, po_rank, po_name, po_inc, po_dec, po_stock, po_isview) values ('s2303', 'b', '256', 's', '256GB / 블랙 / S', 30, 10, 100, 'y');
insert into t_product_option (pi_id, po_color, po_memory, po_rank, po_name, po_inc, po_dec, po_stock, po_isview) values ('s2303', 'b', '512', 'b', '512GB / 블랙 / B', 20, 20, 100, 'y');
insert into t_product_option (pi_id, po_color, po_memory, po_rank, po_name, po_inc, po_dec, po_stock, po_isview) values ('s2303', 'b', '512', 'a', '512GB / 블랙 / A', 30, 10, 100, 'y');
insert into t_product_option (pi_id, po_color, po_memory, po_rank, po_name, po_inc, po_dec, po_stock, po_isview) values ('s2303', 'b', '512', 's', '512GB / 블랙 / S', 40, 0, 100, 'y');
insert into t_product_option (pi_id, po_color, po_memory, po_rank, po_name, po_inc, po_dec, po_stock, po_isview) values ('s2303', 'w', '128', 'b', '128GB / 화이트 / B', 0, 40, 100, 'y');
insert into t_product_option (pi_id, po_color, po_memory, po_rank, po_name, po_inc, po_dec, po_stock, po_isview) values ('s2303', 'w', '128', 'a', '128GB / 화이트 / A', 10, 30, 100, 'y');
insert into t_product_option (pi_id, po_color, po_memory, po_rank, po_name, po_inc, po_dec, po_stock, po_isview) values ('s2303', 'w', '128', 's', '128GB / 화이트 / S', 20, 20, 100, 'y');
insert into t_product_option (pi_id, po_color, po_memory, po_rank, po_name, po_inc, po_dec, po_stock, po_isview) values ('s2303', 'w', '256', 'b', '256GB / 화이트 / B', 10, 30, 100, 'y');
insert into t_product_option (pi_id, po_color, po_memory, po_rank, po_name, po_inc, po_dec, po_stock, po_isview) values ('s2303', 'w', '256', 'a', '256GB / 화이트 / A', 20, 20, 100, 'y');
insert into t_product_option (pi_id, po_color, po_memory, po_rank, po_name, po_inc, po_dec, po_stock, po_isview) values ('s2303', 'w', '256', 's', '256GB / 화이트 / S', 30, 10, 100, 'y');
insert into t_product_option (pi_id, po_color, po_memory, po_rank, po_name, po_inc, po_dec, po_stock, po_isview) values ('s2303', 'w', '512', 'b', '512GB / 화이트 / B', 20, 20, 100, 'y');
insert into t_product_option (pi_id, po_color, po_memory, po_rank, po_name, po_inc, po_dec, po_stock, po_isview) values ('s2303', 'w', '512', 'a', '512GB / 화이트 / A', 30, 10, 100, 'y');
insert into t_product_option (pi_id, po_color, po_memory, po_rank, po_name, po_inc, po_dec, po_stock, po_isview) values ('s2303', 'w', '512', 's', '512GB / 화이트 / S', 40, 0, 100, 'y');

